gameid,date,type,playerid,player,team,home,away,MIN,PTS,FGM,FGA,FG%,3PM,3PA,3P%,FTM,FTA,FT%,OREB,DREB,REB,AST,STL,BLK,TOV,PF,+/-,win,season
29600167,1996-11-23,regular,787,Charles Barkley,HOU,GSW,HOU,50,27,5,16,31.3,1,4,25.0,16,20,80.0,6,11,17,12,3,1,2,4,4,1,1997
29600358,1996-12-21,regular,762,Shawn Bradley,NJN,NJN,BOS,42,17,8,17,47.1,0,0,0.0,1,2,50.0,6,9,15,4,0,11,2,4,6,1,1997
29600545,1997-01-18,regular,255,Grant Hill,DET,LAL,DET,53,34,12,23,52.2,1,1,100.0,9,11,81.8,6,9,15,14,1,0,3,3,7,1,1997
29600571,1997-01-22,regular,349,Mark Jackson,DEN,DEN,VAN,44,15,7,15,46.7,1,3,33.3,0,0,0.0,6,10,16,12,3,0,3,1,14,1,1997
29600639,1997-02-01,regular,255,Grant Hill,DET,NJN,DET,43,22,7,14,50.0,0,0,0.0,8,8,100.0,0,11,11,11,1,1,1,3,8,1,1997
29600676,1997-02-06,regular,762,Shawn Bradley,NJN,NJN,IND,37,14,6,15,40.0,0,0,0.0,2,2,100.0,6,8,14,0,1,11,4,3,2,0,1997
29600700,1997-02-12,regular,134,Kevin Johnson,PHX,PHX,BOS,34,22,7,9,77.8,2,2,100.0,6,6,100.0,1,10,11,17,5,0,5,4,39,1,1997
29600809,1997-02-28,regular,255,Grant Hill,DET,BOS,DET,46,29,11,21,52.4,0,2,0.0,7,11,63.6,2,10,12,12,1,2,6,2,7,1,1997
29600840,1997-03-04,regular,193,Anthony Mason,CHH,CHH,SAS,46,19,7,10,70.0,0,0,0.0,5,6,83.3,2,11,13,12,0,1,2,4,11,1,1997
29600858,1997-03-06,regular,193,Anthony Mason,CHH,CHH,BOS,51,19,6,11,54.5,0,0,0.0,7,8,87.5,3,11,14,12,3,0,2,3,6,1,1997
29600948,1997-03-18,regular,56,Gary Payton,SEA,CHI,SEA,50,14,3,16,18.8,2,8,25.0,6,7,85.7,1,11,12,14,6,0,6,5,-5,0,1997
29601022,1997-03-28,regular,84,Latrell Sprewell,GSW,PHX,GSW,53,31,13,28,46.4,1,1,100.0,4,6,66.7,3,8,11,11,0,1,5,1,-7,0,1997
29601065,1997-04-04,regular,255,Grant Hill,DET,ATL,DET,43,22,9,17,52.9,0,0,0.0,4,6,66.7,2,10,12,12,3,2,1,1,-13,0,1997
29601138,1997-04-14,regular,255,Grant Hill,DET,ORL,DET,43,12,5,10,50.0,0,0,0.0,2,4,50.0,3,12,15,13,0,2,8,4,-12,0,1997
29601165,1997-04-18,regular,952,Antoine Walker,BOS,PHI,BOS,46,23,11,26,42.3,0,2,0.0,1,3,33.3,6,6,12,13,2,1,3,3,10,1,1997
29700225,1997-12-02,regular,787,Charles Barkley,HOU,HOU,DEN,39,15,4,10,40.0,0,0,0.0,7,8,87.5,5,6,11,12,2,0,1,1,23,1,1998
29700434,1998-01-02,regular,467,Jason Kidd,PHX,PHX,DAL,44,20,7,22,31.8,2,8,25.0,4,6,66.7,4,8,12,14,3,0,7,2,0,1,1998
29700692,1998-02-10,regular,393,Rod Strickland,WAS,GSW,WAS,42,21,7,18,38.9,0,1,0.0,7,9,77.8,3,9,12,20,2,0,5,2,23,1,1998
29700924,1998-03-15,regular,467,Jason Kidd,PHX,PHX,DAL,44,20,9,16,56.3,1,4,25.0,1,2,50.0,3,10,13,12,5,2,4,2,3,1,1998
29701077,1998-04-05,regular,393,Rod Strickland,WAS,WAS,ORL,46,21,8,18,44.4,0,0,0.0,5,6,83.3,0,11,11,13,1,0,4,2,-4,1,1998
29701080,1998-04-05,regular,255,Grant Hill,DET,DET,LAL,51,18,4,17,23.5,0,0,0.0,10,12,83.3,4,12,16,12,3,0,6,1,0,0,1998
29701095,1998-04-07,regular,762,Shawn Bradley,DAL,DAL,POR,38,22,6,15,40.0,0,0,0.0,10,10,100.0,5,17,22,0,1,13,2,3,17,0,1998
29701141,1998-04-14,regular,948,Marcus Camby,TOR,NJN,TOR,43,15,6,14,42.9,0,0,0.0,3,5,60.0,5,7,12,2,1,11,5,1,-2,1,1998
29701156,1998-04-15,regular,467,Jason Kidd,PHX,PHX,DEN,46,14,5,11,45.5,0,1,0.0,4,6,66.7,3,8,11,11,3,0,3,0,5,1,1998
29800076,1999-02-15,regular,467,Jason Kidd,PHX,DEN,PHX,42,28,9,17,52.9,0,1,0.0,10,13,76.9,3,8,11,13,0,2,1,2,16,1,1999
29800156,1999-02-25,regular,349,Mark Jackson,IND,CLE,IND,36,15,6,10,60.0,0,3,0.0,3,3,100.0,2,10,12,11,1,0,4,1,8,1,1999
29800161,1999-02-25,regular,467,Jason Kidd,PHX,VAN,PHX,43,14,6,12,50.0,0,1,0.0,2,4,50.0,5,7,12,16,6,0,3,3,8,1,1999
29800296,1999-03-14,regular,467,Jason Kidd,PHX,PHX,HOU,42,26,10,21,47.6,0,3,0.0,6,7,85.7,3,8,11,14,0,0,0,1,26,1,1999
29800353,1999-03-21,regular,255,Grant Hill,DET,DET,UTA,44,29,10,23,43.5,0,0,0.0,9,15,60.0,4,9,13,11,2,0,5,3,10,1,1999
29800670,1999-04-29,regular,467,Jason Kidd,PHX,DEN,PHX,45,11,5,16,31.3,1,6,16.7,0,0,0.0,6,7,13,11,1,0,3,4,12,1,1999
29900205,1999-11-30,regular,714,Michael Finley,DAL,CLE,DAL,48,14,6,24,25.0,0,5,0.0,2,3,66.7,5,7,12,11,2,1,0,2,-7,0,2000
29900341,1999-12-18,regular,467,Jason Kidd,PHX,PHX,SAC,42,27,10,18,55.6,1,3,33.3,6,7,85.7,6,8,14,14,4,0,2,2,6,1,2000
29900374,1999-12-23,regular,714,Michael Finley,DAL,PHX,DAL,48,33,12,25,48.0,2,3,66.7,7,8,87.5,6,7,13,13,4,0,7,2,1,1,2000
29900393,1999-12-27,regular,467,Jason Kidd,PHX,UTA,PHX,42,16,7,13,53.8,1,3,33.3,1,1,100.0,1,11,12,15,1,1,9,3,-3,0,2000
29900602,2000-01-27,regular,1883,Steve Francis,HOU,HOU,GSW,39,25,7,20,35.0,1,3,33.3,10,15,66.7,7,10,17,14,2,1,5,3,0,0,2000
29900627,2000-01-31,regular,1517,Bobby Jackson,MIN,MIN,SAC,43,17,7,11,63.6,0,0,0.0,3,4,75.0,2,9,11,12,2,1,3,2,24,1,2000
29900705,2000-02-15,regular,87,Dikembe Mutombo,ATL,ATL,NJN,38,21,7,13,53.8,0,0,0.0,7,12,58.3,4,9,13,1,1,11,0,1,23,1,2000
29900996,2000-03-25,regular,1495,Tim Duncan,SAS,SAS,CLE,44,17,5,12,41.7,0,0,0.0,7,12,58.3,4,13,17,11,1,4,4,2,20,1,2000
29900994,2000-03-25,regular,193,Anthony Mason,CHH,ATL,CHH,41,12,5,11,45.5,0,0,0.0,2,2,100.0,2,13,15,11,2,1,3,3,22,1,2000
29901035,2000-03-31,regular,193,Anthony Mason,CHH,CHH,TOR,48,31,8,17,47.1,0,0,0.0,15,15,100.0,1,13,14,11,0,0,2,4,18,1,2000
29901054,2000-04-02,regular,124,Vlade Divac,SAC,SAC,PHI,35,14,4,9,44.4,0,0,0.0,6,6,100.0,3,8,11,11,2,0,2,5,27,1,2000
29901056,2000-04-02,regular,1710,Mike Bibby,VAN,VAN,DAL,40,14,5,13,38.5,0,1,0.0,4,4,100.0,2,9,11,11,7,0,6,3,-8,0,2000
29901175,2000-04-18,regular,56,Gary Payton,SEA,SAC,SEA,53,33,13,28,46.4,2,6,33.3,5,6,83.3,2,9,11,14,3,1,1,3,7,1,2000
20000077,2000-11-09,regular,467,Jason Kidd,PHX,PHX,ATL,43,19,6,16,37.5,0,1,0.0,7,10,70.0,2,11,13,12,4,1,4,0,19,1,2001
20000194,2000-11-26,regular,349,Mark Jackson,TOR,TOR,CHI,39,11,2,11,18.2,1,3,33.3,6,8,75.0,2,9,11,11,2,0,1,1,9,1,2001
20000215,2000-11-29,regular,1885,Lamar Odom,LAC,LAC,GSW,42,16,6,12,50.0,1,1,100.0,3,4,75.0,4,8,12,11,3,1,6,3,26,1,2001
20000541,2001-01-15,regular,952,Antoine Walker,BOS,MIN,BOS,43,20,6,26,23.1,1,8,12.5,7,11,63.6,4,8,12,12,2,0,5,3,9,1,2001
20000545,2001-01-15,regular,977,Kobe Bryant,LAL,LAL,VAN,46,26,10,24,41.7,0,4,0.0,6,8,75.0,0,11,11,11,2,2,3,1,4,1,2001
20000574,2001-01-20,regular,950,Stephon Marbury,NJN,NJN,CHI,39,33,12,22,54.5,2,5,40.0,7,9,77.8,3,8,11,12,2,0,4,1,28,1,2001
20000861,2001-03-05,regular,2030,Kenyon Martin,NJN,NJN,MIL,45,18,7,16,43.8,1,1,100.0,3,4,75.0,5,10,15,11,2,3,4,4,2,0,2001
20000949,2001-03-16,regular,976,Jeff McInnis,LAC,LAC,GSW,44,21,8,15,53.3,3,5,60.0,2,3,66.7,0,12,12,11,1,0,1,2,15,1,2001
20000988,2001-03-22,regular,1885,Lamar Odom,LAC,LAC,HOU,39,12,3,15,20.0,2,6,33.3,4,6,66.7,1,10,11,11,0,1,4,0,-5,1,2001
20001002,2001-03-24,regular,302,Mookie Blaylock,GSW,GSW,DET,40,13,4,12,33.3,1,4,25.0,4,4,100.0,4,9,13,12,2,0,2,2,19,1,2001
20001023,2001-03-27,regular,1885,Lamar Odom,LAC,LAC,DET,40,27,10,17,58.8,3,4,75.0,4,5,80.0,5,11,16,11,1,1,6,3,6,1,2001
20001033,2001-03-29,regular,952,Antoine Walker,BOS,CHI,BOS,40,23,7,22,31.8,5,12,41.7,4,9,44.4,3,8,11,11,1,1,0,4,1,1,2001
20001113,2001-04-09,regular,711,Jerry Stackhouse,DET,DET,ATL,40,28,10,20,50.0,4,9,44.4,4,5,80.0,4,8,12,11,2,0,9,2,12,1,2001
20100165,2001-11-22,regular,2224,Jamaal Tinsley,IND,IND,WAS,45,19,6,15,40.0,0,1,0.0,7,8,87.5,2,9,11,23,1,1,5,2,5,1,2002
20100167,2001-11-22,regular,467,Jason Kidd,NJN,LAC,NJN,40,16,3,12,25.0,0,2,0.0,10,10,100.0,3,9,12,11,3,0,3,3,11,1,2002
20100257,2001-12-05,regular,56,Gary Payton,SEA,DET,SEA,46,21,9,24,37.5,0,4,0.0,3,4,75.0,1,14,15,12,1,0,4,5,-4,0,2002
20100601,2002-01-24,regular,1883,Steve Francis,HOU,HOU,NJN,36,23,6,23,26.1,1,3,33.3,10,12,83.3,5,7,12,11,0,0,2,4,-4,0,2002
20100705,2002-02-12,regular,952,Antoine Walker,BOS,DEN,BOS,45,30,11,21,52.4,7,12,58.3,1,2,50.0,0,12,12,14,0,0,0,4,16,1,2002
20100707,2002-02-12,regular,977,Kobe Bryant,LAL,LAL,WAS,43,23,9,20,45.0,0,1,0.0,5,9,55.6,1,10,11,15,1,1,2,3,3,1,2002
20100753,2002-02-19,regular,467,Jason Kidd,NJN,NJN,GSW,43,26,9,17,52.9,2,4,50.0,6,8,75.0,4,8,12,12,2,1,4,2,12,1,2002
20100782,2002-02-23,regular,1503,Tracy McGrady,ORL,ORL,PHI,35,22,8,20,40.0,2,6,33.3,4,5,80.0,2,9,11,11,4,0,2,1,21,1,2002
20100927,2002-03-15,regular,467,Jason Kidd,NJN,NJN,MIA,38,11,4,11,36.4,0,1,0.0,3,5,60.0,3,9,12,14,0,1,2,1,21,1,2002
20200029,2002-11-01,regular,977,Kobe Bryant,LAL,LAC,LAL,41,33,12,18,66.7,1,2,50.0,8,8,100.0,5,10,15,12,2,1,4,3,7,1,2003
20200045,2002-11-03,regular,977,Kobe Bryant,LAL,LAL,POR,50,33,11,19,57.9,2,6,33.3,9,11,81.8,5,9,14,12,1,0,4,5,7,1,2003
20200086,2002-11-09,regular,467,Jason Kidd,NJN,CHI,NJN,40,25,5,15,33.3,2,5,40.0,13,15,86.7,3,8,11,12,2,0,0,2,4,0,2003
20200086,2002-11-09,regular,2398,Jay Williams,CHI,CHI,NJN,45,26,10,22,45.5,4,10,40.0,2,2,100.0,1,13,14,13,2,0,2,3,7,1,2003
20200194,2002-11-24,regular,977,Kobe Bryant,LAL,LAL,MIL,44,15,6,15,40.0,0,3,0.0,3,3,100.0,2,9,11,11,1,0,2,3,10,1,2003
20200388,2002-12-21,regular,185,Chris Webber,SAC,PHX,SAC,44,29,14,25,56.0,0,1,0.0,1,1,100.0,3,12,15,11,5,0,2,3,-3,0,2003
20200549,2003-01-15,regular,185,Chris Webber,SAC,SAC,DAL,40,29,12,20,60.0,0,0,0.0,5,8,62.5,6,9,15,11,0,2,4,2,22,1,2003
20200591,2003-01-22,regular,208,Sam Cassell,MIL,BOS,MIL,36,14,6,15,40.0,0,3,0.0,2,2,100.0,0,11,11,16,0,0,1,0,0,1,2003
20200624,2003-01-26,regular,1718,Paul Pierce,BOS,BOS,ORL,45,27,9,15,60.0,0,1,0.0,9,11,81.8,0,13,13,13,3,0,5,2,5,1,2003
20200801,2003-02-23,regular,467,Jason Kidd,NJN,NJN,ORL,43,26,9,25,36.0,3,9,33.3,5,5,100.0,5,6,11,15,6,0,3,1,-6,0,2003
20200810,2003-02-24,regular,147,Jalen Rose,CHI,CHI,PHX,45,21,4,16,25.0,2,5,40.0,11,12,91.7,1,13,14,11,1,0,4,0,7,1,2003
20200826,2003-02-26,regular,469,Jamal Mashburn,NOH,NOH,MIA,40,18,8,17,47.1,0,2,0.0,2,2,100.0,1,12,13,13,0,0,3,5,6,1,2003
20200836,2003-02-28,regular,84,Latrell Sprewell,NYK,NYK,ORL,54,28,9,25,36.0,6,8,75.0,4,4,100.0,2,9,11,11,5,2,1,3,5,1,2003
20200907,2003-03-09,regular,708,Kevin Garnett,MIN,PHX,MIN,42,29,10,22,45.5,0,2,0.0,9,11,81.8,3,11,14,12,1,2,3,1,19,1,2003
20200994,2003-03-21,regular,1883,Steve Francis,HOU,GSW,HOU,41,13,5,13,38.5,0,2,0.0,3,5,60.0,5,6,11,12,2,0,3,5,13,1,2003
20201111,2003-04-06,regular,708,Kevin Garnett,MIN,POR,MIN,41,16,8,15,53.3,0,1,0.0,0,0,0.0,3,11,14,12,1,0,1,2,16,1,2003
20201127,2003-04-09,regular,467,Jason Kidd,NJN,ATL,NJN,43,23,9,20,45.0,2,8,25.0,3,4,75.0,2,9,11,12,0,0,4,0,-6,0,2003
20300022,2003-10-31,regular,467,Jason Kidd,NJN,NJN,MIN,42,21,7,18,38.9,2,6,33.3,5,8,62.5,3,8,11,14,4,1,5,1,25,1,2004
20300104,2003-11-12,regular,467,Jason Kidd,NJN,NJN,SAS,41,14,5,17,29.4,0,4,0.0,4,4,100.0,3,9,12,13,1,0,2,2,-7,0,2004
20300407,2003-12-26,regular,467,Jason Kidd,NJN,DET,NJN,42,24,7,18,38.9,4,5,80.0,6,7,85.7,3,8,11,12,2,0,4,3,2,1,2004
20300529,2004-01-12,regular,952,Antoine Walker,DAL,NYK,DAL,47,14,6,18,33.3,2,5,40.0,0,1,0.0,3,9,12,11,1,1,1,3,7,1,2004
20300549,2004-01-14,regular,952,Antoine Walker,DAL,DAL,PHI,51,11,4,19,21.1,0,6,0.0,3,6,50.0,8,9,17,13,0,0,1,6,-1,1,2004
20300771,2004-02-17,regular,124,Vlade Divac,SAC,SAC,BOS,34,14,6,9,66.7,0,0,0.0,2,3,66.7,1,10,11,11,0,3,4,5,3,1,2004
20300834,2004-02-26,regular,2240,Gilbert Arenas,WAS,WAS,CHI,45,21,7,15,46.7,2,5,40.0,5,6,83.3,2,10,12,13,0,1,4,3,14,1,2004
20300896,2004-03-06,regular,1885,Lamar Odom,MIA,MIA,SAC,45,30,11,18,61.1,1,2,50.0,7,12,58.3,6,13,19,11,2,1,4,4,3,1,2004
20301142,2004-04-09,regular,682,Bob Sura,ATL,CHI,ATL,39,12,5,7,71.4,0,1,0.0,2,2,100.0,4,7,11,12,2,0,3,3,19,1,2004
20400058,2004-11-09,regular,185,Chris Webber,SAC,SAC,TOR,31,21,10,16,62.5,0,0,0.0,1,1,100.0,2,9,11,11,1,3,1,1,17,1,2005
20400272,2004-12-08,regular,977,Kobe Bryant,LAL,LAL,PHX,45,20,7,23,30.4,4,10,40.0,2,3,66.7,3,11,14,11,2,0,8,3,-1,0,2005
20400482,2005-01-08,regular,467,Jason Kidd,NJN,ORL,NJN,41,22,8,21,38.1,4,9,44.4,2,3,66.7,2,9,11,11,2,0,2,0,3,0,2005
20400704,2005-02-07,regular,467,Jason Kidd,NJN,NJN,PHI,49,22,7,18,38.9,4,11,36.4,4,4,100.0,5,6,11,16,0,0,2,0,7,1,2005
20400722,2005-02-09,regular,467,Jason Kidd,NJN,NJN,LAL,48,28,10,22,45.5,5,7,71.4,3,4,75.0,1,11,12,12,0,0,0,1,-2,0,2005
20400748,2005-02-13,regular,185,Chris Webber,SAC,BOS,SAC,41,14,7,23,30.4,0,0,0.0,0,0,0.0,6,11,17,12,0,1,5,2,-6,1,2005
20401061,2005-03-30,regular,959,Steve Nash,PHX,PHX,PHI,27,12,4,7,57.1,0,0,0.0,4,4,100.0,2,11,13,12,0,0,3,1,19,1,2005
20401165,2005-04-13,regular,708,Kevin Garnett,MIN,MIN,GSW,37,21,9,16,56.3,0,0,0.0,3,4,75.0,1,14,15,11,1,1,4,2,19,1,2005
20401183,2005-04-15,regular,757,Damon Stoudamire,POR,GSW,POR,48,18,6,25,24.0,5,21,23.8,1,2,50.0,5,7,12,11,2,0,7,3,-20,0,2005
20401218,2005-04-20,regular,2544,LeBron James,CLE,TOR,CLE,48,27,10,23,43.5,2,8,25.0,5,10,50.0,2,12,14,14,0,1,2,1,9,1,2005
20500450,2006-01-04,regular,2544,LeBron James,CLE,MIL,CLE,46,32,12,29,41.4,2,8,25.0,6,7,85.7,2,9,11,11,5,1,4,1,8,1,2006
20500461,2006-01-06,regular,467,Jason Kidd,NJN,NJN,ORL,38,16,4,12,33.3,2,4,50.0,6,6,100.0,2,9,11,13,3,1,5,2,5,1,2006
20500532,2006-01-14,regular,1884,Baron Davis,GSW,GSW,LAL,40,24,10,21,47.6,3,8,37.5,1,2,50.0,4,7,11,13,1,0,3,4,-1,0,2006
20500548,2006-01-17,regular,1905,Andrei Kirilenko,UTA,UTA,TOR,46,18,8,13,61.5,0,1,0.0,2,4,50.0,5,11,16,11,3,4,4,3,13,1,2006
20500655,2006-01-31,regular,2564,Boris Diaw,PHX,PHI,PHX,39,14,6,12,50.0,0,0,0.0,2,2,100.0,2,9,11,13,0,1,0,4,14,1,2006
20500767,2006-02-15,regular,2544,LeBron James,CLE,BOS,CLE,54,43,16,32,50.0,0,5,0.0,11,15,73.3,1,11,12,11,2,4,2,5,5,1,2006
20500783,2006-02-21,regular,467,Jason Kidd,NJN,MIL,NJN,39,12,4,8,50.0,2,4,50.0,2,3,66.7,1,11,12,13,2,0,2,3,16,1,2006
20500867,2006-03-04,regular,467,Jason Kidd,NJN,NJN,TOR,45,14,3,9,33.3,2,6,33.3,6,6,100.0,0,13,13,15,2,1,4,1,4,1,2006
20500906,2006-03-08,regular,2200,Pau Gasol,MEM,SEA,MEM,41,21,8,12,66.7,0,0,0.0,5,7,71.4,1,11,12,12,4,3,3,1,21,1,2006
20501004,2006-03-22,regular,2544,LeBron James,CLE,CLE,CHA,50,37,10,21,47.6,1,5,20.0,16,23,69.6,0,11,11,12,0,1,5,4,5,1,2006
20501084,2006-04-02,regular,101108,Chris Paul,NOK,TOR,NOK,48,24,6,15,40.0,1,3,33.3,11,14,78.6,1,11,12,12,2,1,3,2,7,1,2006
20501114,2006-04-05,regular,101108,Chris Paul,NOK,NOK,GSW,47,17,6,15,40.0,0,2,0.0,5,6,83.3,2,9,11,16,6,0,4,4,1,1,2006
20501186,2006-04-14,regular,2564,Boris Diaw,PHX,GSW,PHX,43,11,5,12,41.7,0,0,0.0,1,1,100.0,2,9,11,16,2,3,5,4,0,0,2006
20501185,2006-04-14,regular,1885,Lamar Odom,LAL,LAL,POR,44,16,7,12,58.3,1,3,33.3,1,2,50.0,3,9,12,12,1,0,0,2,10,1,2006
20600091,2006-11-12,regular,467,Jason Kidd,NJN,WAS,NJN,44,15,5,13,38.5,1,5,20.0,4,7,57.1,0,11,11,18,4,0,3,2,19,1,2007
20600228,2006-12-01,regular,101108,Chris Paul,NOK,NOK,CHI,48,25,6,13,46.2,1,2,50.0,12,15,80.0,2,9,11,18,5,1,7,1,-3,0,2007
20600271,2006-12-07,regular,467,Jason Kidd,NJN,NJN,PHX,48,38,13,26,50.0,3,6,50.0,9,9,100.0,0,14,14,14,1,0,4,5,-12,0,2007
20600528,2007-01-11,regular,467,Jason Kidd,NJN,CHI,NJN,43,23,8,17,47.1,3,5,60.0,4,6,66.7,3,11,14,11,2,0,3,2,5,1,2007
20600628,2007-01-24,regular,2200,Pau Gasol,MEM,UTA,MEM,47,17,5,16,31.3,0,0,0.0,7,11,63.6,2,11,13,12,1,2,2,0,7,1,2007
20600635,2007-01-26,regular,1889,Andre Miller,PHI,PHI,CLE,42,12,5,11,45.5,0,1,0.0,2,2,100.0,3,9,12,13,1,0,5,2,-5,0,2007
20600892,2007-03-04,regular,467,Jason Kidd,NJN,PHI,NJN,38,11,5,14,35.7,0,3,0.0,1,2,50.0,2,12,14,14,3,0,2,2,2,0,2007
20601107,2007-04-03,regular,1885,Lamar Odom,LAL,LAL,DEN,43,17,6,13,46.2,1,2,50.0,4,4,100.0,0,14,14,12,0,0,4,6,-4,0,2007
20601177,2007-04-13,regular,467,Jason Kidd,NJN,NJN,NYK,37,13,5,12,41.7,3,8,37.5,0,0,0.0,5,9,14,11,0,0,3,2,18,1,2007
20700060,2007-11-07,regular,2544,LeBron James,CLE,UTA,CLE,41,32,12,27,44.4,1,4,25.0,7,15,46.7,2,13,15,13,3,2,4,4,4,0,2008
20700107,2007-11-14,regular,2544,LeBron James,CLE,CLE,ORL,47,39,15,27,55.6,2,4,50.0,7,9,77.8,4,9,13,14,0,2,4,1,2,0,2008
20700168,2007-11-21,regular,467,Jason Kidd,NJN,POR,NJN,41,12,4,11,36.4,1,5,20.0,3,3,100.0,2,9,11,13,1,0,4,2,7,1,2008
20700170,2007-11-23,regular,1884,Baron Davis,GSW,WAS,GSW,41,33,11,21,52.4,5,8,62.5,6,9,66.7,3,8,11,15,0,0,1,3,19,1,2008
20700183,2007-11-24,regular,2544,LeBron James,CLE,CLE,TOR,45,37,14,29,48.3,2,8,25.0,7,8,87.5,3,9,12,12,3,1,4,3,7,1,2008
20700205,2007-11-27,regular,467,Jason Kidd,NJN,NJN,MEM,42,12,5,14,35.7,2,6,33.3,0,0,0.0,2,13,15,12,0,0,3,4,0,0,2008
20700231,2007-11-30,regular,1905,Andrei Kirilenko,UTA,UTA,LAL,41,20,5,14,35.7,1,3,33.3,9,10,90.0,7,4,11,11,6,4,0,3,26,1,2008
20700335,2007-12-14,regular,2550,Kirk Hinrich,CHI,CHI,NYK,46,15,5,12,41.7,1,5,20.0,4,4,100.0,2,10,12,14,2,3,4,2,3,1,2008
20700392,2007-12-22,regular,467,Jason Kidd,NJN,NJN,GSW,38,15,5,16,31.3,3,8,37.5,2,2,100.0,2,9,11,12,1,0,2,2,4,1,2008
20700502,2008-01-08,regular,467,Jason Kidd,NJN,CHA,NJN,38,13,4,12,33.3,1,7,14.3,4,4,100.0,0,11,11,12,1,1,3,1,-1,0,2008
20700699,2008-02-04,regular,2045,Hedo Turkoglu,ORL,ORL,DAL,42,13,4,14,28.6,1,2,50.0,4,4,100.0,0,12,12,13,0,0,2,5,-2,0,2008
20700727,2008-02-08,regular,467,Jason Kidd,NJN,CHA,NJN,33,19,7,14,50.0,4,5,80.0,1,1,100.0,1,10,11,13,0,2,5,0,13,1,2008
20700781,2008-02-19,regular,2544,LeBron James,CLE,CLE,HOU,42,26,7,18,38.9,4,7,57.1,8,11,72.7,2,11,13,11,2,0,5,2,-8,0,2008
20700792,2008-02-20,regular,2544,LeBron James,CLE,IND,CLE,43,31,11,22,50.0,1,5,20.0,8,12,66.7,2,12,14,12,2,1,4,1,14,1,2008
20701098,2008-03-30,regular,2406,Caron Butler,WAS,LAL,WAS,42,17,6,17,35.3,3,6,50.0,2,2,100.0,2,10,12,12,2,1,3,4,6,0,2008
20800269,2008-12-03,regular,200765,Rajon Rondo,BOS,BOS,IND,41,16,5,10,50.0,0,1,0.0,6,7,85.7,2,11,13,17,3,0,4,4,30,1,2009
20800409,2008-12-23,regular,2207,Joe Johnson,ATL,ATL,OKC,40,20,8,23,34.8,2,8,25.0,2,2,100.0,2,9,11,11,1,1,2,2,14,1,2009
20800589,2009-01-16,regular,977,Kobe Bryant,LAL,LAL,ORL,41,28,10,26,38.5,1,5,20.0,7,8,87.5,2,11,13,11,2,0,6,3,-8,0,2009
20800662,2009-01-27,regular,2544,LeBron James,CLE,CLE,SAC,38,23,5,10,50.0,0,2,0.0,13,15,86.7,5,10,15,11,0,3,2,1,6,1,2009
20800786,2009-02-12,regular,200765,Rajon Rondo,BOS,DAL,BOS,44,19,9,14,64.3,0,0,0.0,1,2,50.0,3,12,15,14,1,0,6,1,10,1,2009
20800954,2009-03-10,regular,2544,LeBron James,CLE,LAC,CLE,44,32,10,23,43.5,0,6,0.0,12,16,75.0,4,9,13,11,2,2,4,2,7,1,2009
20900007,2009-10-28,regular,2544,LeBron James,CLE,TOR,CLE,40,23,7,19,36.8,1,5,20.0,8,14,57.1,2,9,11,12,2,0,4,1,2,0,2010
20900555,2010-01-12,regular,1884,Baron Davis,LAC,MEM,LAC,46,27,11,21,52.4,1,5,20.0,4,4,100.0,4,8,12,12,5,1,2,4,3,0,2010
20900802,2010-02-18,regular,2544,LeBron James,CLE,CLE,DEN,47,43,15,33,45.5,1,9,11.1,12,17,70.6,1,12,13,15,2,4,3,1,-5,0,2010
20900811,2010-02-19,regular,201954,Darren Collison,NOH,NOH,IND,45,18,7,13,53.8,1,2,50.0,3,4,75.0,1,12,13,12,3,1,8,2,2,1,2010
20900861,2010-02-26,regular,467,Jason Kidd,DAL,ATL,DAL,46,19,7,18,38.9,4,10,40.0,1,2,50.0,3,13,16,17,2,0,3,1,14,1,2010
20900998,2010-03-16,regular,2544,LeBron James,CLE,DET,CLE,43,29,10,22,45.5,1,3,33.3,8,11,72.7,2,10,12,12,1,1,4,0,13,1,2010
20901058,2010-03-24,regular,200765,Rajon Rondo,BOS,BOS,DEN,36,11,4,9,44.4,0,0,0.0,3,6,50.0,6,5,11,15,4,0,4,4,18,1,2010
21000103,2010-11-09,regular,2544,LeBron James,MIA,MIA,UTA,47,20,5,18,27.8,0,1,0.0,10,11,90.9,2,9,11,14,1,3,2,3,4,0,2011
21000260,2010-11-30,regular,1495,Tim Duncan,SAS,GSW,SAS,33,15,6,15,40.0,0,0,0.0,3,5,60.0,6,12,18,11,0,2,2,1,14,1,2011
21000601,2011-01-17,regular,2564,Boris Diaw,CHA,PHI,CHA,40,25,8,14,57.1,4,7,57.1,5,6,83.3,1,10,11,11,1,2,1,4,7,0,2011
21000688,2011-01-28,regular,201566,Russell Westbrook,OKC,OKC,WAS,45,35,12,24,50.0,0,1,0.0,11,16,68.8,3,10,13,13,0,2,4,2,0,1,2011
21001001,2011-03-15,regular,201580,JaVale McGee,WAS,CHI,WAS,39,11,5,14,35.7,0,0,0.0,1,3,33.3,3,9,12,1,0,12,2,4,-15,0,2011
21001062,2011-03-23,regular,101236,Chuck Hayes,HOU,HOU,GSW,38,13,5,11,45.5,0,0,0.0,3,7,42.9,5,9,14,11,2,0,2,0,17,1,2011
21001190,2011-04-09,regular,2400,Drew Gooden,MIL,MIL,CLE,37,15,6,12,50.0,0,2,0.0,3,4,75.0,1,12,13,13,0,2,4,6,10,1,2011
21001224,2011-04-13,regular,201609,Goran Dragic,HOU,MIN,HOU,44,11,4,8,50.0,3,6,50.0,0,2,0.0,2,9,11,11,0,1,2,1,18,1,2011
21100057,2012-01-01,regular,200765,Rajon Rondo,BOS,WAS,BOS,34,18,7,10,70.0,0,0,0.0,4,7,57.1,4,7,11,14,1,0,3,2,26,1,2012
21100468,2012-02-19,regular,201586,Serge Ibaka,OKC,OKC,DEN,41,14,6,7,85.7,0,0,0.0,2,4,50.0,8,7,15,0,1,11,1,4,31,1,2012
21100546,2012-03-04,regular,200765,Rajon Rondo,BOS,BOS,NYK,48,18,7,20,35.0,0,0,0.0,4,7,57.1,4,13,17,20,1,1,4,3,5,1,2012
21100778,2012-04-01,regular,200765,Rajon Rondo,BOS,BOS,MIA,37,16,7,13,53.8,1,2,50.0,1,3,33.3,2,9,11,14,0,0,2,2,28,1,2012
21100931,2012-04-18,regular,2200,Pau Gasol,LAL,GSW,LAL,35,22,7,16,43.8,0,0,0.0,8,8,100.0,2,9,11,11,0,3,0,2,24,1,2012
21100980,2012-04-26,regular,202386,Ben Uzoh,TOR,TOR,NJN,46,12,6,19,31.6,0,0,0.0,0,0,0.0,4,7,11,12,4,1,2,3,33,1,2012
21200063,2012-11-07,regular,202328,Greg Monroe,DET,SAC,DET,40,21,8,15,53.3,0,0,0.0,5,7,71.4,5,7,12,11,1,0,2,4,7,0,2013
21200146,2012-11-18,regular,977,Kobe Bryant,LAL,LAL,HOU,35,22,9,18,50.0,1,3,33.3,3,5,60.0,1,10,11,11,3,0,3,4,14,1,2013
21200252,2012-12-04,regular,2544,LeBron James,MIA,WAS,MIA,43,26,12,24,50.0,1,4,25.0,1,3,33.3,2,11,13,11,3,2,3,1,-3,0,2013
21200270,2012-12-07,regular,200765,Rajon Rondo,BOS,PHI,BOS,42,16,8,14,57.1,0,0,0.0,0,2,0.0,3,10,13,14,3,3,5,4,-1,0,2013
21200301,2012-12-10,regular,2225,Tony Parker,SAS,HOU,SAS,43,27,9,18,50.0,1,3,33.3,8,9,88.9,0,12,12,12,0,0,3,1,22,1,2013
21200356,2012-12-18,regular,202348,Jordan Crawford,WAS,WAS,ATL,44,27,10,22,45.5,5,10,50.0,2,2,100.0,2,9,11,11,0,0,1,1,-1,0,2013
21200389,2012-12-21,regular,101135,David Lee,GSW,GSW,CHA,34,23,11,16,68.8,0,0,0.0,1,1,100.0,6,5,11,11,0,0,2,3,9,1,2013
21200699,2013-02-02,regular,201935,James Harden,HOU,HOU,CHA,40,21,6,11,54.5,1,3,33.3,8,9,88.9,0,11,11,11,1,1,3,4,16,1,2013
21200738,2013-02-08,regular,202349,Greivis Vasquez,NOH,ATL,NOH,36,21,7,15,46.7,3,5,60.0,4,5,80.0,2,9,11,12,1,0,4,1,19,1,2013
21200754,2013-02-10,regular,1718,Paul Pierce,BOS,BOS,DEN,54,27,7,20,35.0,5,9,55.6,8,9,88.9,0,14,14,14,0,0,4,5,5,1,2013
21200777,2013-02-13,regular,202331,Paul George,IND,IND,CHA,39,23,8,17,47.1,1,4,25.0,6,7,85.7,1,11,12,12,2,0,1,2,28,1,2013
21200804,2013-02-20,regular,201142,Kevin Durant,OKC,HOU,OKC,42,16,4,13,30.8,0,2,0.0,8,9,88.9,0,12,12,11,2,1,5,2,-4,0,2013
21200862,2013-02-28,regular,201149,Joakim Noah,CHI,CHI,PHI,45,23,8,12,66.7,0,0,0.0,7,9,77.8,8,13,21,1,3,11,3,1,13,1,2013
21200911,2013-03-06,regular,201933,Blake Griffin,LAC,LAC,MIL,33,23,9,14,64.3,0,1,0.0,5,8,62.5,2,9,11,11,1,1,3,2,5,1,2013
21200954,2013-03-12,regular,201937,Ricky Rubio,MIN,MIN,SAS,35,21,9,17,52.9,1,5,20.0,2,3,66.7,1,12,13,12,0,1,4,4,23,1,2013
21201110,2013-04-02,regular,977,Kobe Bryant,LAL,LAL,DAL,47,23,8,18,44.4,0,3,0.0,7,8,87.5,1,10,11,11,4,2,4,3,20,1,2013
21201228,2013-04-17,regular,2200,Pau Gasol,LAL,LAL,HOU,44,17,7,17,41.2,0,0,0.0,3,4,75.0,5,15,20,11,0,2,3,0,1,1,2013
21300039,2013-11-02,regular,201587,Nicolas Batum,POR,POR,SAS,36,11,4,11,36.4,1,4,25.0,2,3,66.7,4,8,12,11,0,1,4,2,5,1,2014
21300099,2013-11-11,regular,202362,Lance Stephenson,IND,IND,MEM,34,13,5,11,45.5,3,5,60.0,0,0,0.0,0,11,11,12,0,0,1,3,11,1,2014
21300435,2013-12-27,regular,201939,Stephen Curry,GSW,GSW,PHX,34,14,5,17,29.4,1,6,16.7,3,5,60.0,3,10,13,16,1,0,7,3,27,1,2014
21300772,2014-02-11,regular,201149,Joakim Noah,CHI,CHI,ATL,41,19,8,15,53.3,0,0,0.0,3,6,50.0,6,10,16,11,0,3,1,2,16,1,2014
21300869,2014-02-28,regular,201939,Stephen Curry,GSW,NYK,GSW,30,27,9,19,47.4,5,11,45.5,4,4,100.0,2,9,11,11,0,1,4,2,19,1,2014
21300883,2014-03-02,regular,201149,Joakim Noah,CHI,CHI,NYK,37,13,4,10,40.0,0,0,0.0,5,8,62.5,5,7,12,14,2,2,1,0,23,1,2014
21300940,2014-03-09,regular,200768,Kyle Lowry,TOR,MIN,TOR,36,20,5,13,38.5,1,3,33.3,9,10,90.0,4,8,12,11,2,0,4,3,4,1,2014
21301133,2014-04-04,regular,200765,Rajon Rondo,BOS,BOS,PHI,38,11,4,7,57.1,0,0,0.0,3,5,60.0,2,9,11,16,0,0,7,3,-11,0,2014
21301165,2014-04-09,regular,202322,John Wall,WAS,WAS,CHA,42,14,6,18,33.3,0,2,0.0,2,3,66.7,1,11,12,11,0,0,5,4,-7,0,2014
21400248,2014-11-30,regular,977,Kobe Bryant,LAL,LAL,TOR,42,31,11,24,45.8,0,1,0.0,9,13,69.2,1,10,11,12,0,1,2,2,2,1,2015
21400294,2014-12-07,regular,200765,Rajon Rondo,BOS,BOS,WAS,34,13,5,17,29.4,1,3,33.3,2,4,50.0,2,11,13,11,3,0,4,2,7,1,2015
21400307,2014-12-08,regular,202339,Eric Bledsoe,PHX,LAC,PHX,45,27,8,16,50.0,2,6,33.3,9,9,100.0,1,10,11,16,2,2,5,4,-3,0,2015
21400345,2014-12-13,regular,203487,Michael Carter-Williams,PHI,PHI,MEM,38,16,7,18,38.9,1,4,25.0,1,2,50.0,2,9,11,11,0,0,6,4,-19,0,2015
21400471,2014-12-30,regular,977,Kobe Bryant,LAL,DEN,LAL,32,23,6,11,54.5,3,5,60.0,8,11,72.7,1,10,11,11,2,1,9,1,12,1,2015
21400493,2015-01-02,regular,203110,Draymond Green,GSW,GSW,TOR,40,16,6,12,50.0,2,6,33.3,2,2,100.0,3,8,11,13,2,2,2,4,23,1,2015
21400593,2015-01-16,regular,201566,Russell Westbrook,OKC,OKC,GSW,36,17,7,19,36.8,1,4,25.0,2,4,50.0,3,12,15,16,4,0,3,4,19,1,2015
21400657,2015-01-25,regular,202355,Hassan Whiteside,MIA,CHI,MIA,25,14,6,10,60.0,0,0,0.0,2,4,50.0,6,7,13,0,0,12,0,4,5,1,2015
21400723,2015-02-02,regular,201566,Russell Westbrook,OKC,OKC,ORL,38,25,8,15,53.3,1,3,33.3,8,8,100.0,1,10,11,14,4,1,2,1,3,1,2015
21400855,2015-02-26,regular,201566,Russell Westbrook,OKC,PHX,OKC,43,39,12,38,31.6,1,10,10.0,14,16,87.5,3,11,14,11,3,0,4,3,4,0,2015
21400869,2015-02-27,regular,201566,Russell Westbrook,OKC,POR,OKC,37,40,14,32,43.8,0,1,0.0,12,14,85.7,5,8,13,11,1,0,6,1,-12,0,2015
21400888,2015-03-02,regular,201937,Ricky Rubio,MIN,MIN,LAC,40,18,5,11,45.5,1,4,25.0,7,9,77.8,1,11,12,11,1,0,2,1,-11,0,2015
21400917,2015-03-06,regular,201935,James Harden,HOU,HOU,DET,38,38,10,21,47.6,2,6,33.3,16,18,88.9,1,11,12,12,1,0,7,1,28,1,2015
21400936,2015-03-08,regular,201566,Russell Westbrook,OKC,OKC,TOR,40,30,9,21,42.9,1,4,25.0,11,13,84.6,3,8,11,17,4,1,9,1,5,1,2015
21401115,2015-04-01,regular,202323,Evan Turner,BOS,BOS,IND,35,13,6,17,35.3,1,3,33.3,0,0,0.0,0,11,11,12,0,0,1,2,13,1,2015
21401120,2015-04-01,regular,201566,Russell Westbrook,OKC,OKC,DAL,44,31,10,32,31.3,2,11,18.2,9,11,81.8,3,8,11,11,1,0,6,4,-3,0,2015
21401135,2015-04-03,regular,202326,DeMarcus Cousins,SAC,SAC,NOP,42,24,9,22,40.9,0,1,0.0,6,10,60.0,0,20,20,13,1,3,5,5,7,0,2015
21401147,2015-04-05,regular,201566,Russell Westbrook,OKC,OKC,HOU,41,40,12,29,41.4,4,11,36.4,12,15,80.0,1,10,11,13,0,0,4,5,2,0,2015
21500092,2015-11-07,regular,200765,Rajon Rondo,SAC,SAC,GSW,44,14,7,20,35.0,0,3,0.0,0,0,0.0,2,10,12,15,4,0,3,3,0,0,2016
21500107,2015-11-10,regular,201566,Russell Westbrook,OKC,WAS,OKC,28,22,7,17,41.2,3,4,75.0,5,6,83.3,2,9,11,11,1,0,5,0,23,1,2016
21500122,2015-11-11,regular,200765,Rajon Rondo,SAC,SAC,DET,48,14,6,16,37.5,1,2,50.0,1,2,50.0,2,9,11,15,3,0,5,1,9,1,2016
21500134,2015-11-13,regular,201566,Russell Westbrook,OKC,OKC,PHI,35,21,8,22,36.4,2,6,33.3,3,4,75.0,4,13,17,11,3,0,6,1,16,1,2016
21500180,2015-11-20,regular,201188,Marc Gasol,MEM,MEM,HOU,37,16,7,14,50.0,0,0,0.0,2,2,100.0,3,8,11,11,4,0,2,2,14,1,2016
21500245,2015-11-28,regular,203110,Draymond Green,GSW,GSW,SAC,36,13,4,13,30.8,0,4,0.0,5,7,71.4,2,9,11,12,1,4,3,4,21,1,2016
21500504,2016-01-02,regular,203110,Draymond Green,GSW,GSW,DEN,44,29,10,16,62.5,5,9,55.6,4,6,66.7,4,13,17,14,4,1,3,4,17,1,2016
21500600,2016-01-15,regular,202355,Hassan Whiteside,MIA,DEN,MIA,38,19,8,13,61.5,0,0,0.0,3,5,60.0,6,11,17,2,1,11,4,2,12,1,2016
21500635,2016-01-20,regular,201935,James Harden,HOU,HOU,DET,36,33,9,22,40.9,3,7,42.9,12,12,100.0,2,15,17,14,1,0,6,5,-11,0,2016
21500725,2016-02-01,regular,201566,Russell Westbrook,OKC,OKC,WAS,36,17,8,13,61.5,0,3,0.0,1,1,100.0,1,12,13,11,1,0,5,2,14,1,2016
21500740,2016-02-03,regular,201566,Russell Westbrook,OKC,OKC,ORL,38,24,10,18,55.6,0,1,0.0,4,4,100.0,7,12,19,14,2,0,2,1,10,1,2016
21500835,2016-02-22,regular,200768,Kyle Lowry,TOR,NYK,TOR,35,22,7,13,53.8,2,4,50.0,6,6,100.0,4,7,11,11,0,0,2,1,19,1,2016
21500841,2016-02-23,regular,202322,John Wall,WAS,WAS,NOP,32,16,5,17,29.4,3,6,50.0,3,5,60.0,0,12,12,11,2,1,3,3,23,1,2016
21500871,2016-02-27,regular,2200,Pau Gasol,CHI,CHI,POR,37,22,9,16,56.3,0,0,0.0,4,5,80.0,3,13,16,14,1,3,3,3,3,0,2016
21500889,2016-02-29,regular,201566,Russell Westbrook,OKC,SAC,OKC,35,20,6,8,75.0,2,3,66.7,6,7,85.7,2,11,13,15,3,0,7,2,2,1,2016
21500887,2016-02-29,regular,203507,Giannis Antetokounmpo,MIL,MIL,HOU,42,18,7,13,53.8,0,1,0.0,4,11,36.4,0,16,16,11,4,2,5,4,13,1,2016
21500940,2016-03-07,regular,2200,Pau Gasol,CHI,CHI,MIL,35,12,4,14,28.6,0,1,0.0,4,5,80.0,0,17,17,13,1,5,1,2,15,1,2016
21500955,2016-03-09,regular,201566,Russell Westbrook,OKC,OKC,LAC,37,25,9,15,60.0,0,2,0.0,7,7,100.0,2,9,11,19,2,1,7,2,0,1,2016
21500985,2016-03-13,regular,203507,Giannis Antetokounmpo,MIL,BKN,MIL,41,28,12,16,75.0,0,0,0.0,4,11,36.4,3,8,11,14,4,2,3,1,19,1,2016
21501013,2016-03-17,regular,202322,John Wall,WAS,PHI,WAS,37,16,4,17,23.5,0,3,0.0,8,8,100.0,1,12,13,14,2,0,9,3,4,1,2016
21501031,2016-03-19,regular,201566,Russell Westbrook,OKC,IND,OKC,36,14,4,17,23.5,3,9,33.3,3,4,75.0,3,8,11,14,1,0,7,4,-2,1,2016
21501044,2016-03-21,regular,2544,LeBron James,CLE,CLE,DEN,33,33,12,19,63.2,1,2,50.0,8,11,72.7,3,8,11,11,0,0,3,2,38,1,2016
21501054,2016-03-22,regular,201566,Russell Westbrook,OKC,OKC,HOU,37,21,7,18,38.9,0,7,0.0,7,8,87.5,3,9,12,15,1,0,4,1,-5,1,2016
21501086,2016-03-26,regular,2544,LeBron James,CLE,NYK,CLE,36,27,10,21,47.6,2,3,66.7,5,6,83.3,3,8,11,11,1,2,2,4,20,1,2016
21501094,2016-03-27,regular,203110,Draymond Green,GSW,GSW,PHI,36,13,4,7,57.1,2,3,66.7,3,6,50.0,1,10,11,11,1,3,4,2,9,1,2016
21501109,2016-03-29,regular,201587,Nicolas Batum,CHA,PHI,CHA,38,19,8,16,50.0,1,4,25.0,2,2,100.0,2,9,11,12,1,0,3,2,18,1,2016
21501133,2016-04-01,regular,203507,Giannis Antetokounmpo,MIL,MIL,ORL,39,18,5,13,38.5,0,1,0.0,8,11,72.7,2,9,11,11,2,3,4,1,8,1,2016
21501139,2016-04-02,regular,202710,Jimmy Butler,CHI,CHI,DET,39,28,10,25,40.0,1,7,14.3,7,8,87.5,5,12,17,12,3,2,3,4,2,0,2016
21501160,2016-04-05,regular,201566,Russell Westbrook,OKC,DEN,OKC,27,13,4,9,44.4,2,4,50.0,3,5,60.0,3,11,14,12,2,0,5,1,26,1,2016
21600001,2016-10-25,regular,2544,LeBron James,CLE,CLE,NYK,32,19,9,14,64.3,0,3,0.0,1,2,50.0,3,8,11,14,0,1,4,3,26,1,2017
21600040,2016-10-30,regular,201566,Russell Westbrook,OKC,OKC,LAL,34,33,11,21,52.4,5,6,83.3,6,6,100.0,4,7,11,16,1,1,7,3,10,1,2017
21600114,2016-11-09,regular,201935,James Harden,HOU,SAS,HOU,41,24,9,19,47.4,1,5,20.0,5,7,71.4,2,10,12,15,1,0,8,1,13,1,2017
21600134,2016-11-12,regular,201935,James Harden,HOU,HOU,SAS,39,25,7,18,38.9,2,9,22.2,9,11,81.8,5,6,11,13,0,0,7,1,1,0,2017
21600141,2016-11-13,regular,201566,Russell Westbrook,OKC,OKC,ORL,38,41,14,21,66.7,0,3,0.0,13,18,72.2,2,10,12,16,0,0,2,2,9,0,2017
21600171,2016-11-17,regular,201935,James Harden,HOU,HOU,POR,32,26,7,17,41.2,3,8,37.5,9,11,81.8,1,11,12,14,3,0,4,3,23,1,2017
21600195,2016-11-20,regular,201566,Russell Westbrook,OKC,OKC,IND,40,31,13,34,38.2,2,8,25.0,3,5,60.0,5,6,11,15,1,0,7,3,-18,0,2017
21600235,2016-11-25,regular,201566,Russell Westbrook,OKC,DEN,OKC,41,36,9,25,36.0,3,4,75.0,15,17,88.2,1,10,11,17,1,1,7,3,10,1,2017
21600242,2016-11-26,regular,201566,Russell Westbrook,OKC,OKC,DET,37,17,8,22,36.4,0,5,0.0,1,2,50.0,3,10,13,15,1,1,5,2,14,1,2017
21600255,2016-11-28,regular,201566,Russell Westbrook,OKC,NYK,OKC,36,27,9,23,39.1,2,3,66.7,7,7,100.0,5,12,17,14,2,0,7,3,5,1,2017
21600270,2016-11-30,regular,201566,Russell Westbrook,OKC,OKC,WAS,41,35,12,35,34.3,1,6,16.7,10,10,100.0,4,10,14,11,2,0,5,3,4,1,2017
21600281,2016-12-01,regular,201935,James Harden,HOU,GSW,HOU,46,29,8,23,34.8,2,11,18.2,11,14,78.6,1,14,15,13,2,1,7,4,-6,1,2017
21600301,2016-12-04,regular,201566,Russell Westbrook,OKC,OKC,NOP,38,28,10,23,43.5,2,8,25.0,6,9,66.7,1,16,17,12,1,0,10,1,13,1,2017
21600307,2016-12-05,regular,201566,Russell Westbrook,OKC,ATL,OKC,34,32,10,22,45.5,3,8,37.5,9,14,64.3,1,12,13,12,1,1,4,1,-4,1,2017
21600325,2016-12-07,regular,203507,Giannis Antetokounmpo,MIL,MIL,POR,40,15,4,11,36.4,0,3,0.0,7,10,70.0,2,10,12,11,2,4,3,3,-3,1,2017
21600359,2016-12-11,regular,204025,Tim Frazier,NOP,PHX,NOP,38,14,4,10,40.0,0,2,0.0,6,7,85.7,3,8,11,11,5,1,1,4,18,1,2017
21600380,2016-12-14,regular,201935,James Harden,HOU,HOU,SAC,30,15,4,7,57.1,3,6,50.0,4,4,100.0,0,11,11,14,1,0,5,0,29,1,2017
21600395,2016-12-16,regular,201935,James Harden,HOU,HOU,NOP,34,29,7,15,46.7,6,12,50.0,9,11,81.8,2,9,11,13,0,0,4,2,14,1,2017
21600399,2016-12-17,regular,201566,Russell Westbrook,OKC,OKC,PHX,34,26,9,17,52.9,1,2,50.0,7,7,100.0,0,11,11,22,2,1,5,3,16,1,2017
21600445,2016-12-23,regular,201566,Russell Westbrook,OKC,BOS,OKC,35,45,13,25,52.0,5,7,71.4,14,16,87.5,1,10,11,11,1,0,4,1,10,1,2017
21600473,2016-12-27,regular,201566,Russell Westbrook,OKC,MIA,OKC,37,29,11,22,50.0,0,1,0.0,7,10,70.0,0,17,17,11,0,0,7,0,12,1,2017
21600504,2016-12-31,regular,201935,James Harden,HOU,HOU,NYK,42,53,14,26,53.8,9,16,56.3,16,18,88.9,3,13,16,17,0,0,8,2,13,1,2017
21600507,2016-12-31,regular,201566,Russell Westbrook,OKC,OKC,LAC,29,17,6,11,54.5,0,2,0.0,5,6,83.3,0,12,12,14,2,0,1,0,26,1,2017
21600528,2017-01-03,regular,203944,Julius Randle,LAL,LAL,MEM,37,19,9,15,60.0,0,0,0.0,1,4,25.0,2,12,14,11,1,0,2,3,21,1,2017
21600555,2017-01-07,regular,201566,Russell Westbrook,OKC,OKC,DEN,35,32,10,20,50.0,7,12,58.3,5,6,83.3,2,15,17,11,3,0,5,3,24,1,2017
21600581,2017-01-11,regular,201566,Russell Westbrook,OKC,OKC,MEM,37,24,6,20,30.0,0,7,0.0,12,15,80.0,1,12,13,12,2,1,6,1,13,1,2017
21600596,2017-01-13,regular,201566,Russell Westbrook,OKC,MIN,OKC,36,21,7,23,30.4,1,10,10.0,6,7,85.7,3,8,11,12,2,0,10,3,-10,0,2017
21600609,2017-01-15,regular,201935,James Harden,HOU,BKN,HOU,32,22,6,16,37.5,4,9,44.4,6,7,85.7,2,10,12,11,1,0,7,4,18,1,2017
21600619,2017-01-16,regular,203110,Draymond Green,GSW,GSW,CLE,35,11,4,6,66.7,0,0,0.0,3,4,75.0,2,11,13,11,1,5,0,1,43,1,2017
21600634,2017-01-18,regular,201566,Russell Westbrook,OKC,GSW,OKC,35,27,8,23,34.8,1,6,16.7,10,11,90.9,4,11,15,13,2,2,10,5,-19,0,2017
21600680,2017-01-25,regular,2544,LeBron James,CLE,CLE,SAC,45,24,8,15,53.3,0,3,0.0,8,11,72.7,4,9,13,11,2,1,5,3,-1,0,2017
21600694,2017-01-27,regular,201935,James Harden,HOU,PHI,HOU,39,51,16,28,57.1,6,11,54.5,13,14,92.9,1,12,13,13,2,1,5,4,13,1,2017
21600752,2017-02-03,regular,203999,Nikola Jokic,DEN,DEN,MIL,32,20,8,15,53.3,2,4,50.0,2,2,100.0,6,6,12,11,1,0,2,0,8,1,2017
21600753,2017-02-03,regular,202326,DeMarcus Cousins,SAC,SAC,PHX,34,22,6,16,37.5,3,7,42.9,7,9,77.8,1,10,11,12,1,2,5,5,6,0,2017
21600750,2017-02-03,regular,201566,Russell Westbrook,OKC,OKC,MEM,38,38,8,20,40.0,5,7,71.4,17,17,100.0,2,11,13,12,3,0,5,2,17,1,2017
21600771,2017-02-06,regular,201933,Blake Griffin,LAC,TOR,LAC,37,26,11,19,57.9,2,3,66.7,2,3,66.7,4,7,11,11,1,0,2,3,-1,0,2017
21600796,2017-02-09,regular,201566,Russell Westbrook,OKC,OKC,CLE,35,29,11,27,40.7,2,6,33.3,5,5,100.0,1,11,12,11,4,0,7,4,3,1,2017
21600827,2017-02-13,regular,203999,Nikola Jokic,DEN,DEN,GSW,36,17,7,13,53.8,0,0,0.0,3,4,75.0,6,15,21,12,2,0,6,3,33,1,2017
21600845,2017-02-15,regular,201566,Russell Westbrook,OKC,OKC,NYK,38,38,13,22,59.1,3,5,60.0,9,13,69.2,3,11,14,12,3,1,6,0,13,1,2017
21600841,2017-02-15,regular,201935,James Harden,HOU,HOU,MIA,42,38,10,21,47.6,4,10,40.0,14,16,87.5,3,9,12,12,0,1,4,5,-6,0,2017
21600853,2017-02-23,regular,2544,LeBron James,CLE,CLE,NYK,37,18,7,11,63.6,0,2,0.0,4,6,66.7,0,13,13,15,0,3,6,1,10,1,2017
21600861,2017-02-24,regular,201566,Russell Westbrook,OKC,OKC,LAL,35,17,4,18,22.2,1,5,20.0,8,9,88.9,2,16,18,17,3,0,6,1,19,1,2017
21600880,2017-02-26,regular,201566,Russell Westbrook,OKC,OKC,NOP,37,41,14,29,48.3,2,8,25.0,11,12,91.7,2,9,11,11,1,0,9,2,3,1,2017
21600949,2017-03-08,regular,203901,Elfrid Payton,ORL,ORL,CHI,36,22,8,12,66.7,0,1,0.0,6,7,85.7,6,8,14,14,2,2,2,0,12,1,2017
21600962,2017-03-09,regular,201566,Russell Westbrook,OKC,OKC,SAS,35,23,7,21,33.3,1,6,16.7,8,9,88.9,3,10,13,13,2,0,3,2,12,1,2017
21600973,2017-03-11,regular,201566,Russell Westbrook,OKC,OKC,UTA,36,33,9,26,34.6,3,10,30.0,12,13,92.3,1,10,11,14,2,2,5,1,12,1,2017
21600977,2017-03-11,regular,2544,LeBron James,CLE,ORL,CLE,38,24,8,14,57.1,2,5,40.0,6,10,60.0,0,12,12,12,0,1,4,3,12,1,2017
21601000,2017-03-14,regular,201566,Russell Westbrook,OKC,BKN,OKC,35,25,6,18,33.3,2,7,28.6,11,13,84.6,1,11,12,19,2,1,5,3,7,1,2017
21600999,2017-03-14,regular,2544,LeBron James,CLE,CLE,DET,28,16,6,12,50.0,0,2,0.0,4,5,80.0,0,11,11,12,0,0,2,0,22,1,2017
21601010,2017-03-15,regular,201935,James Harden,HOU,HOU,LAL,31,18,6,12,50.0,1,6,16.7,5,7,71.4,3,9,12,13,2,0,9,2,10,1,2017
21601024,2017-03-17,regular,201935,James Harden,HOU,NOP,HOU,40,41,12,21,57.1,4,10,40.0,13,14,92.9,2,12,14,11,2,0,5,2,-12,0,2017
21601062,2017-03-22,regular,201566,Russell Westbrook,OKC,OKC,PHI,28,18,6,6,100.0,0,0,0.0,6,6,100.0,0,11,11,14,0,2,5,1,21,1,2017
21601091,2017-03-26,regular,201566,Russell Westbrook,OKC,HOU,OKC,39,39,13,24,54.2,3,9,33.3,10,16,62.5,0,11,11,13,0,0,5,4,-14,0,2017
21601108,2017-03-28,regular,201935,James Harden,HOU,HOU,GSW,38,24,5,20,25.0,1,9,11.1,13,13,100.0,3,8,11,13,1,0,6,1,-9,0,2017
21601112,2017-03-29,regular,201566,Russell Westbrook,OKC,ORL,OKC,42,57,21,40,52.5,6,15,40.0,9,11,81.8,3,10,13,11,3,0,7,3,8,1,2017
21601135,2017-03-31,regular,201566,Russell Westbrook,OKC,OKC,SAS,37,32,8,22,36.4,2,7,28.6,14,15,93.3,2,13,15,12,0,0,8,1,-10,0,2017
21601139,2017-04-01,regular,203901,Elfrid Payton,ORL,BKN,ORL,35,20,6,12,50.0,1,2,50.0,7,8,87.5,2,9,11,11,1,0,2,0,8,0,2017
21601150,2017-04-02,regular,2544,LeBron James,CLE,CLE,IND,52,41,16,29,55.2,3,10,30.0,6,12,50.0,4,10,14,11,2,1,1,4,-1,1,2017
21601152,2017-04-02,regular,203110,Draymond Green,GSW,GSW,WAS,35,11,3,8,37.5,1,3,33.3,4,6,66.7,0,11,11,13,1,1,4,2,28,1,2017
21601156,2017-04-04,regular,2544,LeBron James,CLE,CLE,ORL,37,18,7,14,50.0,0,3,0.0,4,6,66.7,1,10,11,11,2,1,6,2,17,1,2017
21601159,2017-04-04,regular,201566,Russell Westbrook,OKC,OKC,MIL,27,12,4,12,33.3,2,4,50.0,2,2,100.0,3,10,13,13,2,0,3,2,19,1,2017
21601200,2017-04-09,regular,201935,James Harden,HOU,SAC,HOU,36,35,9,22,40.9,5,13,38.5,12,13,92.3,0,11,11,15,1,0,10,2,7,1,2017
21700079,2017-10-28,regular,201566,Russell Westbrook,OKC,CHI,OKC,28,12,5,13,38.5,0,2,0.0,2,3,66.7,2,11,13,13,2,0,2,2,26,1,2018
21700121,2017-11-03,regular,1627732,Ben Simmons,PHI,PHI,IND,39,14,5,13,38.5,0,0,0.0,4,4,100.0,2,9,11,11,2,3,5,3,12,1,2018
21700166,2017-11-09,regular,201935,James Harden,HOU,HOU,CLE,43,35,8,21,38.1,6,14,42.9,13,14,92.9,1,10,11,13,5,1,5,4,3,1,2018
21700182,2017-11-11,regular,1628366,Lonzo Ball,LAL,MIL,LAL,39,19,7,12,58.3,3,5,60.0,2,4,50.0,0,12,12,13,3,3,4,3,10,0,2018
21700240,2017-11-19,regular,1628366,Lonzo Ball,LAL,LAL,DEN,40,11,5,13,38.5,1,4,25.0,0,0,0.0,3,13,16,11,0,2,2,4,29,1,2018
21700248,2017-11-20,regular,201566,Russell Westbrook,OKC,NOP,OKC,39,22,6,19,31.6,2,7,28.6,8,10,80.0,3,13,16,12,3,0,3,3,9,0,2018
21700270,2017-11-24,regular,2544,LeBron James,CLE,CLE,CHA,40,27,10,20,50.0,3,8,37.5,4,7,57.1,1,15,16,13,0,3,3,2,-2,1,2018
21700273,2017-11-24,regular,201566,Russell Westbrook,OKC,OKC,DET,39,27,10,29,34.5,1,10,10.0,6,7,85.7,1,10,11,11,3,0,5,2,0,0,2018
21700351,2017-12-05,regular,201566,Russell Westbrook,OKC,OKC,UTA,38,34,12,25,48.0,2,9,22.2,8,9,88.9,0,12,12,14,1,1,7,3,4,1,2018
21700363,2017-12-07,regular,1627732,Ben Simmons,PHI,PHI,LAL,43,12,6,14,42.9,0,0,0.0,0,2,0.0,0,12,12,15,0,1,4,4,9,0,2018
21700382,2017-12-09,regular,201566,Russell Westbrook,OKC,MEM,OKC,43,20,7,29,24.1,1,12,8.3,5,8,62.5,3,8,11,14,1,0,3,5,11,1,2018
21700379,2017-12-09,regular,2544,LeBron James,CLE,CLE,PHI,39,30,9,23,39.1,2,6,33.3,10,12,83.3,3,10,13,13,3,0,6,1,-3,1,2018
21700392,2017-12-11,regular,200765,Rajon Rondo,NOP,HOU,NOP,42,13,5,12,41.7,3,5,60.0,0,0,0.0,2,10,12,12,0,0,8,3,-15,0,2018
21700415,2017-12-14,regular,2544,LeBron James,CLE,CLE,LAL,39,25,8,18,44.4,1,6,16.7,8,12,66.7,1,11,12,12,2,2,5,0,14,1,2018
21700421,2017-12-15,regular,201566,Russell Westbrook,OKC,PHI,OKC,52,27,10,33,30.3,2,5,40.0,5,12,41.7,5,12,17,15,2,0,6,1,-4,1,2018
21700440,2017-12-17,regular,2544,LeBron James,CLE,WAS,CLE,41,20,8,23,34.8,2,7,28.6,2,3,66.7,2,9,11,15,0,1,6,4,4,1,2018
21700494,2017-12-25,regular,203110,Draymond Green,GSW,GSW,CLE,40,12,5,11,45.5,2,8,25.0,0,1,0.0,1,11,12,11,2,1,4,1,5,1,2018
21700541,2017-12-31,regular,201566,Russell Westbrook,OKC,OKC,DAL,37,38,17,28,60.7,0,4,0.0,4,7,57.1,1,14,15,11,1,0,2,2,0,0,2018
21700567,2018-01-04,regular,201566,Russell Westbrook,OKC,LAC,OKC,38,29,11,24,45.8,2,2,100.0,5,6,83.3,2,10,12,11,1,0,6,3,6,1,2018
21700597,2018-01-08,regular,203999,Nikola Jokic,DEN,GSW,DEN,36,22,9,16,56.3,1,1,100.0,3,3,100.0,4,8,12,11,3,1,6,3,2,0,2018
21700695,2018-01-22,regular,201933,Blake Griffin,LAC,LAC,MIN,37,32,13,21,61.9,2,8,25.0,4,7,57.1,1,10,11,12,1,0,4,4,-14,0,2018
21700704,2018-01-24,regular,1627732,Ben Simmons,PHI,PHI,CHI,39,19,6,15,40.0,0,0,0.0,7,10,70.0,3,14,17,14,0,2,6,4,18,1,2018
21700720,2018-01-26,regular,202326,DeMarcus Cousins,NOP,NOP,HOU,30,15,6,12,50.0,0,2,0.0,3,5,60.0,1,12,13,11,3,0,5,4,16,1,2018
21700730,2018-01-27,regular,203999,Nikola Jokic,DEN,DEN,DAL,40,11,5,13,38.5,1,6,16.7,0,1,0.0,1,15,16,11,0,2,3,3,9,1,2018
21700724,2018-01-27,regular,201566,Russell Westbrook,OKC,DET,OKC,36,31,13,22,59.1,3,4,75.0,2,4,50.0,4,7,11,13,2,0,6,3,20,1,2018
21700765,2018-02-01,regular,203999,Nikola Jokic,DEN,DEN,OKC,37,29,11,18,61.1,2,5,40.0,5,6,83.3,3,10,13,14,1,2,2,3,5,1,2018
21700772,2018-02-02,regular,201566,Russell Westbrook,OKC,OKC,NOP,36,16,7,21,33.3,1,7,14.3,1,1,100.0,2,9,11,14,1,0,9,3,-9,0,2018
21700819,2018-02-09,regular,2544,LeBron James,CLE,ATL,CLE,41,22,8,20,40.0,0,3,0.0,6,7,85.7,2,10,12,19,0,0,3,2,12,1,2018
21700852,2018-02-13,regular,203999,Nikola Jokic,DEN,DEN,SAS,33,23,8,15,53.3,2,5,40.0,5,6,83.3,5,8,13,11,0,1,1,0,11,1,2018
21700863,2018-02-14,regular,203901,Elfrid Payton,PHX,UTA,PHX,39,13,5,11,45.5,1,2,50.0,2,2,100.0,1,10,11,12,1,1,5,2,-8,0,2018
21700861,2018-02-14,regular,201566,Russell Westbrook,OKC,MEM,OKC,37,23,6,14,42.9,0,4,0.0,11,12,91.7,2,11,13,15,1,2,4,1,14,1,2018
21700865,2018-02-15,regular,203999,Nikola Jokic,DEN,MIL,DEN,34,30,11,14,78.6,3,3,100.0,5,5,100.0,4,11,15,17,1,2,8,5,11,1,2018
21700865,2018-02-15,regular,203507,Giannis Antetokounmpo,MIL,MIL,DEN,39,36,14,21,66.7,1,2,50.0,7,12,58.3,3,8,11,13,0,3,6,2,-3,0,2018
21700871,2018-02-22,regular,201566,Russell Westbrook,OKC,SAC,OKC,38,17,4,14,28.6,1,6,16.7,8,10,80.0,0,15,15,11,2,0,8,1,4,1,2018
21700880,2018-02-23,regular,203999,Nikola Jokic,DEN,DEN,SAS,34,28,10,16,62.5,3,5,60.0,5,7,71.4,4,7,11,11,0,0,3,6,9,1,2018
21700878,2018-02-23,regular,2544,LeBron James,CLE,MEM,CLE,37,18,7,16,43.8,0,2,0.0,4,4,100.0,0,14,14,11,1,0,3,0,18,1,2018
21700908,2018-02-27,regular,2544,LeBron James,CLE,CLE,BKN,39,31,13,25,52.0,2,4,50.0,3,3,100.0,4,8,12,11,1,0,1,1,2,1,2018
21701014,2018-03-13,regular,2544,LeBron James,CLE,PHX,CLE,33,28,7,14,50.0,1,2,50.0,13,15,86.7,0,12,12,11,3,2,5,2,23,1,2018
21701007,2018-03-13,regular,201566,Russell Westbrook,OKC,ATL,OKC,35,32,12,20,60.0,0,0,0.0,8,10,80.0,4,8,12,12,1,1,4,3,20,1,2018
21701039,2018-03-17,regular,2544,LeBron James,CLE,CHI,CLE,40,33,15,26,57.7,2,8,25.0,1,4,25.0,1,12,13,12,1,2,6,3,-4,1,2018
21701046,2018-03-18,regular,201566,Russell Westbrook,OKC,TOR,OKC,37,37,15,22,68.2,1,1,100.0,6,8,75.0,5,8,13,14,2,0,5,3,17,1,2018
21701052,2018-03-19,regular,1627732,Ben Simmons,PHI,PHI,CHA,33,11,4,9,44.4,0,0,0.0,3,4,75.0,3,9,12,15,3,0,0,0,30,1,2018
21701082,2018-03-23,regular,1626156,D'Angelo Russell,BKN,TOR,BKN,31,18,8,21,38.1,0,4,0.0,2,5,40.0,2,9,11,13,1,0,2,1,-1,0,2018
21701088,2018-03-24,regular,1627732,Ben Simmons,PHI,PHI,MIN,30,15,5,9,55.6,0,0,0.0,5,8,62.5,2,10,12,13,2,0,4,2,27,1,2018
21701112,2018-03-27,regular,201950,Jrue Holiday,NOP,NOP,POR,40,21,9,17,52.9,0,2,0.0,3,3,100.0,2,9,11,11,0,2,6,3,5,0,2018
21701130,2018-03-30,regular,1627732,Ben Simmons,PHI,ATL,PHI,27,13,6,11,54.5,0,0,0.0,1,3,33.3,0,12,12,11,1,2,2,2,21,1,2018
21701150,2018-04-01,regular,201566,Russell Westbrook,OKC,NOP,OKC,37,26,9,17,52.9,0,1,0.0,8,11,72.7,1,14,15,13,2,0,7,5,15,1,2018
21701149,2018-04-01,regular,2544,LeBron James,CLE,CLE,DAL,39,16,5,21,23.8,2,3,66.7,4,4,100.0,3,10,13,12,0,0,2,1,7,1,2018
21701183,2018-04-06,regular,1627732,Ben Simmons,PHI,PHI,CLE,36,27,12,17,70.6,0,0,0.0,3,5,60.0,3,12,15,13,4,1,3,4,-3,1,2018
21701183,2018-04-06,regular,2544,LeBron James,CLE,PHI,CLE,40,44,17,29,58.6,4,8,50.0,6,11,54.5,1,10,11,11,2,1,8,0,7,0,2018
21701191,2018-04-07,regular,203999,Nikola Jokic,DEN,LAC,DEN,34,23,9,14,64.3,1,2,50.0,4,5,80.0,2,9,11,11,2,1,2,2,11,1,2018
21701208,2018-04-09,regular,202339,Eric Bledsoe,MIL,MIL,ORL,35,20,7,17,41.2,2,6,33.3,4,4,100.0,2,10,12,11,3,0,3,2,20,1,2018
21701211,2018-04-09,regular,203999,Nikola Jokic,DEN,DEN,POR,38,15,5,14,35.7,1,4,25.0,4,4,100.0,2,18,20,11,2,1,2,2,18,1,2018
21701206,2018-04-09,regular,201566,Russell Westbrook,OKC,MIA,OKC,38,23,8,21,38.1,2,5,40.0,5,6,83.3,3,15,18,13,1,0,6,3,12,1,2018
21800014,2018-10-18,regular,1627732,Ben Simmons,PHI,PHI,CHI,34,13,5,8,62.5,0,0,0.0,3,3,100.0,1,12,13,11,1,2,3,0,24,1,2019
21800029,2018-10-20,regular,202696,Nikola Vucevic,ORL,PHI,ORL,38,27,10,15,66.7,4,4,100.0,3,3,100.0,4,9,13,12,2,0,2,2,12,0,2019
21800033,2018-10-20,regular,203999,Nikola Jokic,DEN,DEN,PHX,31,35,11,11,100.0,3,3,100.0,10,11,90.9,0,11,11,11,4,1,0,3,29,1,2019
21800059,2018-10-24,regular,1627732,Ben Simmons,PHI,MIL,PHI,38,14,6,15,40.0,0,0,0.0,2,6,33.3,3,10,13,11,1,0,3,5,-10,0,2019
21800066,2018-10-25,regular,2544,LeBron James,LAL,LAL,DEN,35,28,10,17,58.8,1,5,20.0,7,10,70.0,0,11,11,11,3,0,2,3,13,1,2019
21800133,2018-11-04,regular,203507,Giannis Antetokounmpo,MIL,MIL,SAC,30,26,8,11,72.7,1,2,50.0,9,12,75.0,3,12,15,11,1,1,5,3,39,1,2019
21800254,2018-11-21,regular,200768,Kyle Lowry,TOR,ATL,TOR,32,21,7,12,58.3,3,6,50.0,4,4,100.0,2,10,12,17,0,0,2,1,28,1,2019
21800264,2018-11-21,regular,201566,Russell Westbrook,OKC,GSW,OKC,33,11,5,15,33.3,1,5,20.0,0,2,0.0,0,11,11,13,2,1,4,4,25,1,2019
21800313,2018-11-28,regular,201566,Russell Westbrook,OKC,OKC,CLE,37,23,10,17,58.8,2,5,40.0,1,2,50.0,1,17,18,15,2,0,3,3,12,1,2019
21800309,2018-11-28,regular,201935,James Harden,HOU,HOU,DAL,37,25,7,15,46.7,4,11,36.4,7,9,77.8,1,10,11,17,6,0,8,4,-16,0,2019
21800347,2018-12-03,regular,203999,Nikola Jokic,DEN,TOR,DEN,36,23,8,13,61.5,0,1,0.0,7,8,87.5,4,7,11,15,2,0,2,1,15,1,2019
21800358,2018-12-05,regular,201566,Russell Westbrook,OKC,BKN,OKC,40,21,9,23,39.1,2,9,22.2,1,2,50.0,2,13,15,17,1,0,2,5,10,1,2019
21800373,2018-12-07,regular,201566,Russell Westbrook,OKC,CHI,OKC,35,24,9,21,42.9,2,6,33.3,4,7,57.1,2,15,17,13,4,0,10,5,10,0,2019
21800430,2018-12-15,regular,2544,LeBron James,LAL,CHA,LAL,30,24,7,15,46.7,2,6,33.3,8,12,66.7,1,11,12,11,1,0,3,0,31,1,2019
21800437,2018-12-16,regular,1627732,Ben Simmons,PHI,CLE,PHI,32,22,9,15,60.0,0,0,0.0,4,5,80.0,4,7,11,14,1,0,0,4,23,1,2019
21800447,2018-12-17,regular,201566,Russell Westbrook,OKC,OKC,CHI,32,13,5,13,38.5,0,0,0.0,3,4,75.0,4,12,16,11,5,0,4,3,25,1,2019
21800466,2018-12-19,regular,201566,Russell Westbrook,OKC,SAC,OKC,35,19,8,19,42.1,1,5,20.0,2,7,28.6,2,9,11,17,6,0,5,4,8,1,2019
21800478,2018-12-21,regular,2544,LeBron James,LAL,LAL,NOP,39,22,8,20,40.0,0,4,0.0,6,9,66.7,2,10,12,14,2,0,2,3,13,1,2019
21800480,2018-12-22,regular,203078,Bradley Beal,WAS,WAS,PHX,54,40,17,33,51.5,4,12,33.3,2,2,100.0,6,5,11,15,0,1,8,5,6,1,2019
21800515,2018-12-27,regular,1627732,Ben Simmons,PHI,UTA,PHI,31,13,6,13,46.2,0,0,0.0,1,2,50.0,6,8,14,12,3,1,7,1,8,1,2019
21800547,2018-12-31,regular,201566,Russell Westbrook,OKC,OKC,DAL,35,32,13,24,54.2,0,1,0.0,6,6,100.0,0,11,11,11,4,0,5,4,22,1,2019
21800551,2019-01-01,regular,203999,Nikola Jokic,DEN,DEN,NYK,34,19,8,16,50.0,1,2,50.0,2,3,66.7,6,8,14,15,1,3,5,3,6,1,2019
21800563,2019-01-03,regular,201942,DeMar DeRozan,SAS,SAS,TOR,33,21,7,15,46.7,0,0,0.0,7,7,100.0,1,13,14,11,2,0,3,2,16,1,2019
21800578,2019-01-05,regular,1627732,Ben Simmons,PHI,PHI,DAL,36,20,9,16,56.3,0,0,0.0,2,6,33.3,3,10,13,11,0,0,4,2,12,1,2019
21800588,2019-01-06,regular,201566,Russell Westbrook,OKC,OKC,WAS,37,22,9,23,39.1,2,5,40.0,2,6,33.3,2,13,15,13,0,1,8,2,-7,0,2019
21800619,2019-01-10,regular,201566,Russell Westbrook,OKC,SAS,OKC,50,24,11,22,50.0,0,4,0.0,2,5,40.0,2,11,13,24,2,0,3,4,-5,0,2019
21800687,2019-01-19,regular,203999,Nikola Jokic,DEN,DEN,CLE,28,19,8,12,66.7,3,6,50.0,0,1,0.0,3,8,11,12,1,0,1,3,21,1,2019
21800717,2019-01-24,regular,201566,Russell Westbrook,OKC,OKC,NOP,37,23,9,19,47.4,1,3,33.3,4,8,50.0,1,16,17,16,2,0,4,3,14,1,2019
21800738,2019-01-27,regular,201566,Russell Westbrook,OKC,OKC,MIL,36,13,5,20,25.0,2,5,40.0,1,2,50.0,1,12,13,11,1,1,4,3,-11,1,2019
21800751,2019-01-29,regular,201566,Russell Westbrook,OKC,ORL,OKC,38,23,7,12,58.3,1,2,50.0,8,12,66.7,1,13,14,14,0,1,5,3,-3,1,2019
21800772,2019-02-01,regular,201566,Russell Westbrook,OKC,MIA,OKC,32,14,6,10,60.0,0,1,0.0,2,5,40.0,1,11,12,14,1,1,4,0,11,1,2019
21800788,2019-02-03,regular,201566,Russell Westbrook,OKC,BOS,OKC,37,22,8,19,42.1,1,3,33.3,5,8,62.5,2,10,12,16,2,0,4,4,-5,0,2019
21800802,2019-02-05,regular,201566,Russell Westbrook,OKC,OKC,ORL,36,16,5,14,35.7,0,2,0.0,6,10,60.0,1,14,15,16,1,1,7,3,9,1,2019
21800815,2019-02-07,regular,201566,Russell Westbrook,OKC,OKC,MEM,33,15,5,16,31.3,1,4,25.0,4,6,66.7,1,12,13,15,4,0,1,3,18,1,2019
21800814,2019-02-07,regular,2544,LeBron James,LAL,BOS,LAL,38,28,11,21,52.4,5,10,50.0,1,5,20.0,2,10,12,12,3,0,3,4,11,1,2019
21800832,2019-02-09,regular,201566,Russell Westbrook,OKC,HOU,OKC,38,21,8,21,38.1,1,5,20.0,4,5,80.0,0,12,12,11,2,1,10,3,2,1,2019
21800846,2019-02-11,regular,201566,Russell Westbrook,OKC,OKC,POR,37,21,5,19,26.3,1,6,16.7,10,13,76.9,2,12,14,11,1,2,6,4,1,1,2019
21800848,2019-02-12,regular,2544,LeBron James,LAL,ATL,LAL,43,28,8,20,40.0,3,10,30.0,9,11,81.8,2,9,11,16,3,1,2,3,0,0,2019
21800860,2019-02-13,regular,203999,Nikola Jokic,DEN,DEN,SAC,36,20,7,17,41.2,0,2,0.0,6,6,100.0,4,14,18,11,1,0,4,1,2,1,2019
21800854,2019-02-13,regular,203507,Giannis Antetokounmpo,MIL,IND,MIL,38,33,12,22,54.5,0,2,0.0,9,10,90.0,7,12,19,11,2,1,2,1,19,1,2019
21800866,2019-02-14,regular,201566,Russell Westbrook,OKC,NOP,OKC,39,44,18,30,60.0,4,12,33.3,4,4,100.0,3,11,14,11,1,2,5,3,-15,0,2019
21800904,2019-02-25,regular,2544,LeBron James,LAL,MEM,LAL,40,24,8,23,34.8,0,4,0.0,8,10,80.0,3,9,12,11,3,0,5,3,2,0,2019
21800920,2019-02-27,regular,202339,Eric Bledsoe,MIL,SAC,MIL,36,26,11,20,55.0,4,7,57.1,0,0,0.0,4,8,12,13,1,0,4,0,1,1,2019
21800927,2019-02-28,regular,201566,Russell Westbrook,OKC,OKC,PHI,38,23,8,24,33.3,1,9,11.1,6,9,66.7,0,11,11,11,1,1,4,3,-3,0,2019
21800927,2019-02-28,regular,1627732,Ben Simmons,PHI,OKC,PHI,41,11,5,9,55.6,0,0,0.0,1,4,25.0,3,10,13,11,2,2,4,5,0,1,2019
21800938,2019-03-02,regular,1627732,Ben Simmons,PHI,PHI,GSW,41,25,10,15,66.7,0,0,0.0,5,6,83.3,2,13,15,11,3,0,9,3,-11,0,2019
21800983,2019-03-08,regular,200768,Kyle Lowry,TOR,NOP,TOR,34,13,4,12,33.3,3,9,33.3,2,2,100.0,1,10,11,12,2,0,1,0,11,1,2019
21801010,2019-03-12,regular,203901,Elfrid Payton,NOP,NOP,MIL,34,14,6,15,40.0,2,7,28.6,0,0,0.0,1,14,15,11,1,1,3,2,-27,0,2019
21801017,2019-03-13,regular,201566,Russell Westbrook,OKC,OKC,BKN,36,31,12,23,52.2,4,8,50.0,3,5,60.0,3,9,12,11,3,0,5,3,18,1,2019
21801020,2019-03-14,regular,201566,Russell Westbrook,OKC,IND,OKC,38,19,8,18,44.4,1,5,20.0,2,2,100.0,1,13,14,11,4,2,4,2,-1,0,2019
21801031,2019-03-15,regular,203901,Elfrid Payton,NOP,NOP,POR,41,14,4,11,36.4,1,4,25.0,5,6,83.3,4,8,12,16,1,0,1,1,-13,0,2019
21801036,2019-03-16,regular,203901,Elfrid Payton,NOP,NOP,PHX,37,16,5,12,41.7,2,2,100.0,4,6,66.7,7,5,12,16,1,0,4,4,-7,0,2019
21801083,2019-03-22,regular,201566,Russell Westbrook,OKC,TOR,OKC,37,18,6,20,30.0,2,9,22.2,4,5,80.0,4,8,12,13,4,1,3,3,18,1,2019
21801102,2019-03-24,regular,2544,LeBron James,LAL,LAL,SAC,35,29,9,22,40.9,3,6,50.0,8,9,88.9,2,9,11,11,2,1,4,1,5,1,2019
21801114,2019-03-26,regular,1629029,Luka Doncic,DAL,DAL,SAC,36,28,9,20,45.0,0,9,0.0,10,11,90.9,1,11,12,12,0,0,4,2,-7,0,2019
21801119,2019-03-27,regular,201566,Russell Westbrook,OKC,OKC,IND,37,17,6,15,40.0,2,4,50.0,3,4,75.0,1,10,11,12,2,1,2,0,8,1,2019
21801124,2019-03-28,regular,201609,Goran Dragic,MIA,MIA,DAL,37,23,9,17,52.9,0,2,0.0,5,7,71.4,3,9,12,11,1,1,3,4,10,1,2019
21801146,2019-03-31,regular,201566,Russell Westbrook,OKC,OKC,DAL,38,25,9,19,47.4,3,8,37.5,4,4,100.0,2,9,11,11,2,0,3,2,-3,0,2019
21801161,2019-04-02,regular,201566,Russell Westbrook,OKC,OKC,LAL,37,20,8,23,34.8,2,9,22.2,2,3,66.7,5,15,20,21,3,0,2,2,24,1,2019
21801175,2019-04-03,regular,202323,Evan Turner,POR,POR,MEM,28,13,6,7,85.7,1,1,100.0,0,0,0.0,0,12,12,11,0,0,2,1,21,1,2019
21801177,2019-04-04,regular,203954,Joel Embiid,PHI,PHI,MIL,37,34,12,31,38.7,3,9,33.3,7,10,70.0,3,10,13,13,2,3,3,3,0,0,2019
21801184,2019-04-05,regular,1626209,Mario Hezonja,NYK,HOU,NYK,42,16,6,11,54.5,0,3,0.0,4,6,66.7,1,15,16,11,1,0,4,3,-10,0,2019
21801201,2019-04-07,regular,1626153,Delon Wright,MEM,MEM,DAL,42,20,8,17,47.1,1,5,20.0,3,4,75.0,0,13,13,12,0,1,1,5,2,0,2019
21801216,2019-04-09,regular,1629029,Luka Doncic,DAL,DAL,PHX,32,21,6,14,42.9,2,5,40.0,7,8,87.5,3,13,16,11,3,0,4,1,15,1,2019
21801226,2019-04-10,regular,201566,Russell Westbrook,OKC,MIL,OKC,36,15,7,10,70.0,1,3,33.3,0,2,0.0,0,11,11,17,1,1,4,3,6,1,2019
21801225,2019-04-10,regular,1626153,Delon Wright,MEM,MEM,GSW,37,13,3,7,42.9,3,5,60.0,4,4,100.0,3,8,11,11,3,0,3,1,15,1,2019
21900015,2019-10-24,regular,203507,Giannis Antetokounmpo,MIL,HOU,MIL,28,30,11,17,64.7,2,5,40.0,6,11,54.5,0,13,13,11,1,1,3,6,8,1,2020
21900023,2019-10-25,regular,203999,Nikola Jokic,DEN,DEN,PHX,41,23,8,18,44.4,0,2,0.0,7,9,77.8,3,11,14,12,1,2,5,4,8,1,2020
21900074,2019-11-01,regular,2544,LeBron James,LAL,DAL,LAL,43,39,13,23,56.5,4,9,44.4,9,11,81.8,0,12,12,16,4,1,4,5,15,1,2020
21900074,2019-11-01,regular,1629029,Luka Doncic,DAL,DAL,LAL,38,31,10,23,43.5,4,9,44.4,7,8,87.5,1,12,13,15,0,1,6,3,-4,0,2020
21900088,2019-11-03,regular,2544,LeBron James,LAL,SAS,LAL,37,21,8,23,34.8,0,6,0.0,5,10,50.0,1,10,11,13,2,1,5,2,15,1,2020
21900089,2019-11-03,regular,1629029,Luka Doncic,DAL,CLE,DAL,34,29,9,17,52.9,5,10,50.0,6,6,100.0,4,10,14,15,0,0,5,2,15,1,2020
21900139,2019-11-10,regular,2544,LeBron James,LAL,LAL,TOR,35,13,5,15,33.3,0,2,0.0,3,6,50.0,3,10,13,15,0,1,2,0,-6,0,2020
21900194,2019-11-18,regular,1629029,Luka Doncic,DAL,DAL,SAS,35,42,14,27,51.9,5,13,38.5,9,13,69.2,2,9,11,12,0,0,5,5,11,1,2020
21900213,2019-11-21,regular,203507,Giannis Antetokounmpo,MIL,MIL,POR,36,24,9,27,33.3,1,7,14.3,5,10,50.0,4,15,19,15,3,1,5,2,5,1,2020
21900301,2019-12-03,regular,202710,Jimmy Butler,MIA,TOR,MIA,41,22,7,16,43.8,2,4,50.0,6,7,85.7,3,10,13,12,1,0,3,0,12,1,2020
21900318,2019-12-05,regular,201566,Russell Westbrook,HOU,TOR,HOU,35,19,7,27,25.9,0,6,0.0,5,6,83.3,5,8,13,11,2,0,8,3,7,1,2020
21900324,2019-12-06,regular,202710,Jimmy Butler,MIA,MIA,WAS,36,28,9,16,56.3,2,5,40.0,8,11,72.7,3,8,11,11,1,2,3,2,13,1,2020
21900333,2019-12-07,regular,201566,Russell Westbrook,HOU,HOU,PHX,37,24,10,18,55.6,1,3,33.3,3,4,75.0,4,10,14,11,3,2,4,2,-3,1,2020
21900354,2019-12-10,regular,1628389,Bam Adebayo,MIA,MIA,ATL,44,30,13,18,72.2,0,1,0.0,4,5,80.0,4,7,11,11,2,0,4,5,26,1,2020
21900369,2019-12-12,regular,1629029,Luka Doncic,DAL,DET,DAL,34,41,14,24,58.3,6,13,46.2,7,12,58.3,1,11,12,11,0,0,3,2,29,1,2020
21900387,2019-12-14,regular,203999,Nikola Jokic,DEN,DEN,OKC,35,28,11,14,78.6,3,6,50.0,3,4,75.0,1,13,14,12,1,0,3,2,15,1,2020
21900417,2019-12-19,regular,2544,LeBron James,LAL,MIL,LAL,37,21,8,19,42.1,3,7,42.9,2,2,100.0,0,12,12,11,0,0,4,5,-14,0,2020
21900445,2019-12-23,regular,1627732,Ben Simmons,PHI,DET,PHI,37,16,8,14,57.1,0,0,0.0,0,0,0.0,6,7,13,17,0,0,4,4,20,1,2020
21900482,2019-12-28,regular,1629029,Luka Doncic,DAL,GSW,DAL,30,31,8,16,50.0,5,8,62.5,10,10,100.0,2,10,12,15,2,0,3,0,20,1,2020
21900507,2020-01-01,regular,2544,LeBron James,LAL,LAL,PHX,38,31,11,21,52.4,1,4,25.0,8,12,66.7,2,11,13,12,2,1,5,0,18,1,2020
21900520,2020-01-03,regular,1627732,Ben Simmons,PHI,HOU,PHI,42,29,13,20,65.0,0,0,0.0,3,7,42.9,6,7,13,11,3,4,3,5,-8,0,2020
21900520,2020-01-03,regular,201935,James Harden,HOU,HOU,PHI,41,44,13,24,54.2,6,12,50.0,12,12,100.0,1,10,11,11,1,1,5,3,10,1,2020
21900538,2020-01-05,regular,2544,LeBron James,LAL,LAL,DET,35,21,10,21,47.6,0,3,0.0,1,2,50.0,3,11,14,11,0,0,3,2,23,1,2020
21900611,2020-01-15,regular,201566,Russell Westbrook,HOU,HOU,POR,42,31,11,22,50.0,2,5,40.0,7,12,58.3,1,10,11,12,1,0,1,1,1,0,2020
21900612,2020-01-15,regular,1629029,Luka Doncic,DAL,SAC,DAL,34,25,8,18,44.4,0,5,0.0,9,10,90.0,0,15,15,17,0,0,6,3,9,1,2020
21900641,2020-01-20,regular,1627732,Ben Simmons,PHI,BKN,PHI,42,34,12,14,85.7,0,0,0.0,10,14,71.4,2,10,12,12,5,2,3,3,13,1,2020
21900645,2020-01-20,regular,201566,Russell Westbrook,HOU,HOU,OKC,38,32,16,24,66.7,0,1,0.0,0,1,0.0,2,9,11,12,2,0,3,0,-13,0,2020
21900685,2020-01-26,regular,203999,Nikola Jokic,DEN,DEN,HOU,38,24,9,18,50.0,0,2,0.0,6,7,85.7,2,10,12,11,2,0,6,4,0,1,2020
21900692,2020-01-26,regular,1627734,Domantas Sabonis,IND,POR,IND,41,27,11,17,64.7,0,2,0.0,5,6,83.3,3,11,14,11,0,1,3,4,-7,0,2020
21900742,2020-02-03,regular,203901,Elfrid Payton,NYK,CLE,NYK,33,17,8,17,47.1,0,1,0.0,1,3,33.3,5,6,11,15,1,0,1,1,4,1,2020
21900817,2020-02-12,regular,2544,LeBron James,LAL,DEN,LAL,42,32,15,29,51.7,1,7,14.3,1,4,25.0,1,11,12,14,0,0,3,3,4,1,2020
21900809,2020-02-12,regular,200768,Kyle Lowry,TOR,BKN,TOR,37,12,4,13,30.8,3,6,50.0,1,2,50.0,0,11,11,12,1,0,3,5,-7,0,2020
21900877,2020-02-28,regular,203932,Aaron Gordon,ORL,ORL,MIN,41,17,6,13,46.2,1,6,16.7,4,5,80.0,2,9,11,12,0,2,2,2,0,1,2020
21900898,2020-03-01,regular,203999,Nikola Jokic,DEN,DEN,TOR,35,23,8,11,72.7,0,0,0.0,7,9,77.8,4,14,18,11,1,0,2,2,18,1,2020
21900900,2020-03-01,regular,2544,LeBron James,LAL,NOP,LAL,36,34,14,21,66.7,3,5,60.0,3,3,100.0,0,12,12,13,2,0,6,2,22,1,2020
21900950,2020-03-08,regular,201937,Ricky Rubio,PHX,PHX,MIL,38,25,8,15,53.3,3,7,42.9,6,6,100.0,1,12,13,13,3,0,1,4,10,1,2020
21901257,2020-08-04,regular,1629029,Luka Doncic,DAL,SAC,DAL,44,34,12,24,50.0,2,6,33.3,8,11,72.7,4,16,20,12,0,2,6,3,3,1,2020
21901284,2020-08-08,regular,1629029,Luka Doncic,DAL,DAL,MIL,42,36,12,24,50.0,3,9,33.3,9,10,90.0,1,13,14,19,1,0,2,1,12,1,2020
21901311,2020-08-13,regular,202685,Jonas Valanciunas,MEM,MEM,MIL,33,26,11,17,64.7,2,3,66.7,2,2,100.0,3,16,19,12,0,0,3,3,18,1,2020
22000013,2020-12-23,regular,201566,Russell Westbrook,WAS,PHI,WAS,36,21,9,22,40.9,0,2,0.0,3,5,60.0,2,9,11,15,0,0,6,3,10,0,2021
22000019,2020-12-23,regular,203999,Nikola Jokic,DEN,DEN,SAC,42,29,11,18,61.1,1,2,50.0,6,9,66.7,3,12,15,14,0,2,6,3,5,0,2021
22000024,2020-12-26,regular,201566,Russell Westbrook,WAS,WAS,ORL,36,15,6,19,31.6,0,4,0.0,3,4,75.0,2,13,15,12,2,0,5,3,2,0,2021
22000044,2020-12-28,regular,203999,Nikola Jokic,DEN,DEN,HOU,34,19,8,11,72.7,1,1,100.0,2,3,66.7,4,8,12,18,3,1,3,2,20,1,2021
22000050,2020-12-29,regular,201566,Russell Westbrook,WAS,WAS,CHI,38,21,9,17,52.9,1,4,25.0,2,2,100.0,0,15,15,11,1,0,6,3,3,0,2021
22000046,2020-12-29,regular,203944,Julius Randle,NYK,CLE,NYK,44,28,9,16,56.3,4,4,100.0,6,10,60.0,1,11,12,11,1,0,9,4,3,1,2021
22000082,2021-01-02,regular,1627732,Ben Simmons,PHI,PHI,CHA,37,15,6,9,66.7,0,0,0.0,3,5,60.0,1,11,12,11,1,1,4,4,11,1,2021
22000088,2021-01-03,regular,203999,Nikola Jokic,DEN,MIN,DEN,32,19,8,12,66.7,0,1,0.0,3,3,100.0,3,9,12,12,0,0,7,5,27,1,2021
22000098,2021-01-04,regular,1629029,Luka Doncic,DAL,HOU,DAL,38,33,12,25,48.0,3,10,30.0,6,6,100.0,2,14,16,11,0,0,8,3,28,1,2021
22000134,2021-01-09,regular,1630163,LaMelo Ball,CHA,CHA,ATL,31,22,9,13,69.2,3,5,60.0,1,2,50.0,3,9,12,11,1,0,1,4,18,1,2021
22000190,2021-01-16,regular,201935,James Harden,BKN,BKN,ORL,40,32,8,18,44.4,3,10,30.0,13,15,86.7,1,11,12,14,4,1,9,3,7,1,2021
22000198,2021-01-17,regular,1629029,Luka Doncic,DAL,DAL,CHI,38,36,13,30,43.3,6,11,54.5,4,6,66.7,6,10,16,15,2,0,5,2,-7,0,2021
22000217,2021-01-20,regular,1629029,Luka Doncic,DAL,IND,DAL,38,13,5,15,33.3,0,3,0.0,3,4,75.0,0,12,12,12,0,1,3,0,11,1,2021
22000265,2021-01-25,regular,1629029,Luka Doncic,DAL,DAL,DEN,39,35,11,23,47.8,3,8,37.5,10,10,100.0,2,9,11,16,4,1,5,3,8,0,2021
22000324,2021-02-02,regular,201935,James Harden,BKN,BKN,LAC,43,23,7,15,46.7,1,6,16.7,8,8,100.0,1,11,12,14,1,0,3,5,8,1,2021
22000374,2021-02-08,regular,2544,LeBron James,LAL,LAL,OKC,43,28,11,22,50.0,2,10,20.0,4,5,80.0,0,14,14,12,2,2,5,3,8,1,2021
22000421,2021-02-15,regular,201566,Russell Westbrook,WAS,WAS,HOU,33,16,8,22,36.4,0,3,0.0,0,1,0.0,3,10,13,15,0,0,5,1,1,1,2021
22000426,2021-02-15,regular,201935,James Harden,BKN,SAC,BKN,35,29,10,18,55.6,6,10,60.0,3,3,100.0,2,11,13,14,0,1,7,2,33,1,2021
22000437,2021-02-17,regular,201566,Russell Westbrook,WAS,WAS,DEN,39,12,5,15,33.3,0,2,0.0,2,6,33.3,4,9,13,12,2,1,8,5,0,1,2021
22000443,2021-02-17,regular,202710,Jimmy Butler,MIA,GSW,MIA,41,13,6,15,40.0,1,2,50.0,0,0,0.0,2,10,12,11,3,0,5,2,-5,0,2021
22000562,2021-02-17,regular,1629630,Ja Morant,MEM,MEM,OKC,35,15,4,14,28.6,0,3,0.0,7,8,87.5,1,10,11,12,1,0,3,0,5,1,2021
22000464,2021-02-20,regular,201566,Russell Westbrook,WAS,POR,WAS,37,27,11,17,64.7,0,1,0.0,5,7,71.4,2,9,11,13,0,0,7,4,2,1,2021
22000482,2021-02-23,regular,201935,James Harden,BKN,BKN,SAC,41,29,9,22,40.9,5,10,50.0,6,9,66.7,1,10,11,14,1,0,4,2,11,1,2021
22000511,2021-02-26,regular,203110,Draymond Green,GSW,GSW,CHA,36,11,5,8,62.5,1,3,33.3,0,0,0.0,1,11,12,19,1,1,5,4,23,1,2021
22000518,2021-02-27,regular,203999,Nikola Jokic,DEN,OKC,DEN,30,19,8,10,80.0,1,2,50.0,2,2,100.0,1,10,11,13,2,0,0,3,34,1,2021
22000517,2021-02-27,regular,201566,Russell Westbrook,WAS,WAS,MIN,32,19,7,19,36.8,0,2,0.0,5,10,50.0,0,14,14,12,2,0,5,1,16,1,2021
22000534,2021-03-01,regular,201935,James Harden,BKN,SAS,BKN,44,30,12,23,52.2,3,7,42.9,3,4,75.0,4,10,14,15,2,0,0,3,16,1,2021
22000567,2021-03-10,regular,1629029,Luka Doncic,DAL,DAL,SAS,39,22,9,20,45.0,2,10,20.0,2,3,66.7,1,11,12,12,0,0,6,4,18,1,2021
22000589,2021-03-13,regular,203507,Giannis Antetokounmpo,MIL,WAS,MIL,36,33,12,19,63.2,2,4,50.0,7,8,87.5,2,9,11,11,1,1,4,3,18,1,2021
22000586,2021-03-13,regular,203944,Julius Randle,NYK,OKC,NYK,39,26,8,15,53.3,3,6,50.0,7,10,70.0,1,11,12,12,2,0,3,1,19,1,2021
22000594,2021-03-14,regular,203110,Draymond Green,GSW,GSW,UTA,36,11,5,10,50.0,1,4,25.0,0,0,0.0,1,11,12,12,4,0,1,2,19,1,2021
22000604,2021-03-15,regular,201935,James Harden,BKN,BKN,NYK,40,21,6,15,40.0,0,5,0.0,9,9,100.0,0,14,14,15,0,1,7,2,-3,1,2021
22000615,2021-03-16,regular,2544,LeBron James,LAL,LAL,MIN,31,25,8,14,57.1,4,7,57.1,5,5,100.0,1,11,12,12,0,1,4,0,0,1,2021
22000617,2021-03-17,regular,1627734,Domantas Sabonis,IND,IND,BKN,40,18,8,11,72.7,1,2,50.0,1,3,33.3,0,11,11,11,4,1,4,4,2,0,2021
22000166,2021-03-18,regular,201566,Russell Westbrook,WAS,WAS,UTA,38,35,12,23,52.2,2,5,40.0,9,11,81.8,1,14,15,13,2,1,5,0,10,1,2021
22000647,2021-03-21,regular,201566,Russell Westbrook,WAS,BKN,WAS,39,29,10,20,50.0,2,7,28.6,7,9,77.8,2,11,13,13,2,0,8,3,-4,0,2021
22000709,2021-03-29,regular,201935,James Harden,BKN,BKN,MIN,40,38,11,25,44.0,4,8,50.0,12,13,92.3,0,11,11,13,1,1,6,0,8,1,2021
22000707,2021-03-29,regular,201566,Russell Westbrook,WAS,WAS,IND,39,35,14,26,53.8,4,6,66.7,3,5,60.0,1,13,14,21,2,1,4,3,7,1,2021
22000718,2021-03-30,regular,201566,Russell Westbrook,WAS,WAS,CHA,38,22,7,20,35.0,4,9,44.4,4,6,66.7,5,10,15,14,2,0,5,3,-6,0,2021
22000179,2021-04-01,regular,201566,Russell Westbrook,WAS,DET,WAS,36,16,7,16,43.8,1,5,20.0,1,6,16.7,2,9,11,12,0,1,9,3,-23,0,2021
22000763,2021-04-05,regular,201566,Russell Westbrook,WAS,TOR,WAS,40,23,9,25,36.0,1,6,16.7,4,4,100.0,2,12,14,11,1,0,4,1,-4,0,2021
22000762,2021-04-05,regular,203944,Julius Randle,NYK,BKN,NYK,39,19,7,19,36.8,0,4,0.0,5,6,83.3,0,15,15,12,1,1,5,3,0,0,2021
22000777,2021-04-07,regular,201566,Russell Westbrook,WAS,ORL,WAS,38,23,8,11,72.7,3,3,100.0,4,4,100.0,1,13,14,15,0,1,5,3,13,1,2021
22000798,2021-04-09,regular,201566,Russell Westbrook,WAS,GSW,WAS,37,19,8,17,47.1,1,4,25.0,2,3,66.7,2,12,14,14,1,0,6,1,1,1,2021
22000797,2021-04-09,regular,203999,Nikola Jokic,DEN,DEN,SAS,38,26,9,17,52.9,2,2,100.0,6,6,100.0,5,8,13,14,1,0,6,4,7,1,2021
22000803,2021-04-10,regular,201566,Russell Westbrook,WAS,PHX,WAS,33,17,6,17,35.3,0,4,0.0,5,8,62.5,2,9,11,14,1,0,5,2,-21,0,2021
22000820,2021-04-12,regular,201566,Russell Westbrook,WAS,UTA,WAS,39,25,8,15,53.3,0,2,0.0,9,11,81.8,2,12,14,14,1,0,3,1,10,1,2021
22000839,2021-04-14,regular,201566,Russell Westbrook,WAS,SAC,WAS,36,25,12,22,54.5,0,2,0.0,1,2,50.0,2,13,15,11,4,0,7,3,11,1,2021
22000856,2021-04-17,regular,201566,Russell Westbrook,WAS,WAS,DET,30,15,7,17,41.2,0,0,0.0,1,3,33.3,3,11,14,11,2,0,2,5,14,1,2021
22000872,2021-04-19,regular,201566,Russell Westbrook,WAS,WAS,OKC,39,13,5,18,27.8,1,4,25.0,2,6,33.3,2,9,11,17,3,0,8,3,12,1,2021
22000902,2021-04-23,regular,201566,Russell Westbrook,WAS,OKC,WAS,37,37,14,23,60.9,3,4,75.0,6,7,85.7,1,10,11,11,0,0,3,5,16,1,2021
22000919,2021-04-26,regular,201566,Russell Westbrook,WAS,WAS,SAS,42,22,9,26,34.6,0,3,0.0,4,4,100.0,4,9,13,14,1,1,6,4,-11,0,2021
22000935,2021-04-28,regular,201566,Russell Westbrook,WAS,WAS,LAL,41,18,7,16,43.8,1,3,33.3,3,4,75.0,2,16,18,14,2,0,2,3,12,1,2021
22000940,2021-04-28,regular,1628366,Lonzo Ball,NOP,DEN,NOP,36,16,6,14,42.9,4,9,44.4,0,0,0.0,1,11,12,12,4,2,4,1,1,0,2021
22000951,2021-04-30,regular,201566,Russell Westbrook,WAS,CLE,WAS,31,15,5,12,41.7,0,1,0.0,5,5,100.0,2,10,12,11,1,0,3,1,15,1,2021
22000963,2021-05-01,regular,1627734,Domantas Sabonis,IND,OKC,IND,30,26,10,13,76.9,2,3,66.7,4,6,66.7,0,19,19,14,1,0,5,2,49,1,2021
22000964,2021-05-01,regular,1629029,Luka Doncic,DAL,DAL,WAS,39,31,12,23,52.2,1,6,16.7,6,11,54.5,2,10,12,20,0,0,1,4,6,1,2021
22000976,2021-05-03,regular,201566,Russell Westbrook,WAS,WAS,IND,39,14,5,8,62.5,0,0,0.0,4,4,100.0,4,17,21,24,1,1,6,3,21,1,2021
22000235,2021-05-05,regular,201566,Russell Westbrook,WAS,MIL,WAS,40,29,12,20,60.0,0,2,0.0,5,8,62.5,0,12,12,17,3,1,2,3,2,0,2021
22000997,2021-05-06,regular,201566,Russell Westbrook,WAS,TOR,WAS,44,13,5,19,26.3,1,6,16.7,2,4,50.0,1,16,17,17,1,0,7,6,8,1,2021
22001012,2021-05-08,regular,1627734,Domantas Sabonis,IND,IND,WAS,43,30,12,21,57.1,0,3,0.0,6,7,85.7,1,12,13,13,3,0,4,4,-3,0,2021
22001012,2021-05-08,regular,201566,Russell Westbrook,WAS,IND,WAS,44,33,11,26,42.3,3,7,42.9,8,9,88.9,4,15,19,15,1,2,7,4,4,1,2021
22001026,2021-05-10,regular,201566,Russell Westbrook,WAS,ATL,WAS,40,28,10,22,45.5,3,7,42.9,5,5,100.0,0,13,13,21,0,0,3,4,-1,0,2021
22001035,2021-05-11,regular,1627734,Domantas Sabonis,IND,IND,PHI,40,16,7,9,77.8,2,2,100.0,0,0,0.0,1,12,13,15,0,0,2,2,16,1,2021
22001054,2021-05-14,regular,203999,Nikola Jokic,DEN,DET,DEN,26,20,7,11,63.6,0,0,0.0,6,7,85.7,3,12,15,11,0,0,1,2,18,1,2021
22000204,2021-05-14,regular,201566,Russell Westbrook,WAS,WAS,CLE,40,21,7,18,38.9,1,5,20.0,6,8,75.0,0,12,12,17,3,0,1,2,20,1,2021
22001064,2021-05-15,regular,203944,Julius Randle,NYK,NYK,CHA,46,33,12,25,48.0,4,10,40.0,5,8,62.5,0,11,11,13,1,0,4,4,10,1,2021
22100021,2021-10-22,regular,201142,Kevin Durant,BKN,PHI,BKN,37,29,9,20,45.0,1,6,16.7,10,10,100.0,3,12,15,12,1,1,2,1,11,1,2022
22100053,2021-10-26,regular,1627749,Dejounte Murray,SAS,SAS,LAL,40,21,9,24,37.5,2,4,50.0,1,4,25.0,2,10,12,15,2,2,2,3,9,0,2022
22100061,2021-10-27,regular,201566,Russell Westbrook,LAL,OKC,LAL,35,20,8,20,40.0,2,8,25.0,2,3,66.7,4,10,14,13,1,0,10,4,-12,0,2022
22100154,2021-11-08,regular,201566,Russell Westbrook,LAL,LAL,CHA,41,17,5,15,33.3,0,2,0.0,7,10,70.0,0,12,12,14,3,0,7,3,-17,1,2022
22100154,2021-11-08,regular,1630163,LaMelo Ball,CHA,LAL,CHA,42,25,8,19,42.1,3,8,37.5,6,6,100.0,3,13,16,11,1,1,3,2,6,0,2022
22100170,2021-11-10,regular,201566,Russell Westbrook,LAL,LAL,MIA,43,25,10,22,45.5,3,7,42.9,2,2,100.0,1,11,12,14,1,2,8,5,10,1,2022
22100159,2021-11-10,regular,201935,James Harden,BKN,ORL,BKN,30,17,6,11,54.5,1,4,25.0,4,5,80.0,1,10,11,11,2,0,6,1,16,1,2022
22100181,2021-11-12,regular,1629029,Luka Doncic,DAL,SAS,DAL,36,32,11,23,47.8,6,13,46.2,4,8,50.0,0,12,12,15,2,0,2,2,6,1,2022
22100297,2021-11-27,regular,1630163,LaMelo Ball,CHA,HOU,CHA,40,19,7,19,36.8,2,6,33.3,3,3,100.0,4,7,11,13,1,0,2,5,-14,0,2022
22100294,2021-11-27,regular,201935,James Harden,BKN,BKN,PHX,40,12,4,15,26.7,0,6,0.0,4,4,100.0,2,11,13,14,1,2,7,3,-8,0,2022
22100357,2021-12-06,regular,203999,Nikola Jokic,DEN,CHI,DEN,36,17,6,17,35.3,1,5,20.0,4,6,66.7,1,11,12,15,2,0,3,2,7,0,2022
22100375,2021-12-08,regular,203999,Nikola Jokic,DEN,NOP,DEN,37,39,17,23,73.9,0,3,0.0,5,9,55.6,1,10,11,11,1,0,6,2,4,1,2022
22100413,2021-12-14,regular,201142,Kevin Durant,BKN,BKN,TOR,48,34,12,29,41.4,2,8,25.0,8,8,100.0,1,12,13,11,0,1,4,1,-5,1,2022
22100437,2021-12-17,regular,1627749,Dejounte Murray,SAS,UTA,SAS,37,16,6,16,37.5,1,6,16.7,3,6,50.0,4,7,11,11,2,1,2,1,10,1,2022
22100463,2021-12-20,regular,1627749,Dejounte Murray,SAS,LAC,SAS,31,24,10,22,45.5,4,6,66.7,0,0,0.0,3,8,11,13,5,0,2,2,16,1,2022
22100474,2021-12-22,regular,1628983,Shai Gilgeous-Alexander,OKC,OKC,DEN,37,27,10,24,41.7,0,7,0.0,7,7,100.0,1,10,11,12,1,1,1,4,19,1,2022
22100491,2021-12-25,regular,201566,Russell Westbrook,LAL,LAL,BKN,37,13,4,20,20.0,0,3,0.0,5,6,83.3,5,7,12,11,1,0,3,5,-23,0,2022
22100538,2021-12-31,regular,201566,Russell Westbrook,LAL,LAL,POR,30,15,5,10,50.0,0,3,0.0,5,6,83.3,0,13,13,12,2,0,4,2,29,1,2022
22100542,2022-01-01,regular,201935,James Harden,BKN,BKN,LAC,40,34,9,22,40.9,3,11,27.3,13,15,86.7,2,10,12,13,1,0,4,3,-9,0,2022
22100550,2022-01-02,regular,1630581,Josh Giddey,OKC,OKC,DAL,36,17,7,16,43.8,3,5,60.0,0,0,0.0,1,12,13,14,4,0,3,1,6,0,2022
22100575,2022-01-05,regular,203999,Nikola Jokic,DEN,DEN,UTA,37,26,10,17,58.8,1,3,33.3,5,6,83.3,2,19,21,11,0,2,5,2,-1,0,2022
22100595,2022-01-08,regular,1627759,Jaylen Brown,BOS,BOS,NYK,35,22,9,15,60.0,2,4,50.0,2,3,66.7,2,9,11,11,2,0,3,1,23,1,2022
22100603,2022-01-09,regular,1629029,Luka Doncic,DAL,DAL,CHI,35,22,8,23,34.8,2,6,33.3,4,4,100.0,0,14,14,14,0,0,4,1,26,1,2022
22100627,2022-01-13,regular,203507,Giannis Antetokounmpo,MIL,MIL,GSW,30,30,11,17,64.7,0,2,0.0,8,12,66.7,2,10,12,11,0,3,5,2,22,1,2022
22100649,2022-01-15,regular,203999,Nikola Jokic,DEN,DEN,LAL,28,17,7,12,58.3,1,2,50.0,2,2,100.0,2,10,12,13,1,0,3,1,16,1,2022
22100653,2022-01-16,regular,203999,Nikola Jokic,DEN,DEN,UTA,37,25,10,18,55.6,2,5,40.0,3,3,100.0,3,12,15,14,2,0,3,5,5,0,2022
22100663,2022-01-17,regular,1629029,Luka Doncic,DAL,DAL,OKC,39,20,4,17,23.5,0,6,0.0,12,14,85.7,2,9,11,12,3,3,2,2,12,1,2022
22100692,2022-01-21,regular,203999,Nikola Jokic,DEN,DEN,MEM,40,26,11,16,68.8,2,4,50.0,2,3,66.7,3,8,11,12,2,1,0,3,0,0,2022
22100718,2022-01-25,regular,201935,James Harden,BKN,BKN,LAL,38,33,11,24,45.8,2,7,28.6,9,9,100.0,3,9,12,11,2,1,6,1,-12,0,2022
22100755,2022-01-30,regular,1629029,Luka Doncic,DAL,ORL,DAL,38,34,13,22,59.1,4,9,44.4,4,6,66.7,0,12,12,11,1,0,6,3,11,0,2022
22100768,2022-02-01,regular,203507,Giannis Antetokounmpo,MIL,MIL,WAS,38,33,14,21,66.7,0,3,0.0,5,5,100.0,2,13,15,11,0,2,2,3,14,1,2022
22100791,2022-02-04,regular,1629029,Luka Doncic,DAL,DAL,PHI,40,33,13,28,46.4,1,6,16.7,6,9,66.7,3,10,13,15,2,0,3,1,19,1,2022
22100833,2022-02-10,regular,200768,Kyle Lowry,MIA,NOP,MIA,36,14,5,9,55.6,4,7,57.1,0,0,0.0,0,11,11,11,4,0,3,3,20,1,2022
22100842,2022-02-11,regular,203999,Nikola Jokic,DEN,BOS,DEN,34,23,9,20,45.0,3,10,30.0,2,4,50.0,5,11,16,11,0,2,9,2,3,0,2022
22100860,2022-02-14,regular,1630581,Josh Giddey,OKC,NYK,OKC,39,28,11,22,50.0,3,4,75.0,3,6,50.0,2,9,11,12,1,0,7,1,6,1,2022
22100899,2022-02-25,regular,1627749,Dejounte Murray,SAS,WAS,SAS,43,31,12,20,60.0,1,3,33.3,6,6,100.0,2,11,13,14,0,0,6,3,-2,1,2022
22100967,2022-03-06,regular,203999,Nikola Jokic,DEN,DEN,NOP,43,46,16,22,72.7,3,5,60.0,11,12,91.7,3,9,12,11,3,4,5,3,22,1,2022
22100528,2022-03-07,regular,203999,Nikola Jokic,DEN,DEN,GSW,35,32,12,17,70.6,0,0,0.0,8,14,57.1,3,12,15,13,0,1,3,3,14,1,2022
22100985,2022-03-09,regular,2544,LeBron James,LAL,HOU,LAL,45,23,9,26,34.6,1,9,11.1,4,6,66.7,2,12,14,12,1,4,5,1,-17,0,2022
22101107,2022-03-26,regular,1627749,Dejounte Murray,SAS,NOP,SAS,40,15,4,19,21.1,0,5,0.0,7,8,87.5,1,10,11,13,3,0,2,3,10,1,2022
22101122,2022-03-28,regular,203999,Nikola Jokic,DEN,CHA,DEN,35,26,9,17,52.9,0,0,0.0,8,12,66.7,5,14,19,11,2,0,4,1,21,1,2022
22101134,2022-03-29,regular,1629029,Luka Doncic,DAL,DAL,LAL,30,34,12,23,52.2,4,12,33.3,6,7,85.7,3,9,12,12,1,0,1,1,21,1,2022
22101142,2022-03-30,regular,1629645,Kevin Porter Jr.,HOU,HOU,SAC,38,30,11,17,64.7,4,10,40.0,4,5,80.0,2,10,12,12,0,1,3,4,0,0,2022
22200021,2022-10-21,regular,1627783,Pascal Siakam,TOR,BKN,TOR,37,37,15,21,71.4,2,6,33.3,5,9,55.6,2,10,12,11,0,0,3,4,2,0,2023
22200035,2022-10-22,regular,203999,Nikola Jokic,DEN,DEN,OKC,39,19,6,10,60.0,1,1,100.0,6,9,66.7,1,15,16,13,1,1,3,2,18,1,2023
22200066,2022-10-27,regular,1629029,Luka Doncic,DAL,BKN,DAL,41,41,14,28,50.0,2,6,33.3,11,13,84.6,1,10,11,14,3,0,5,2,20,1,2023
22200104,2022-11-01,regular,201939,Stephen Curry,GSW,MIA,GSW,34,23,7,14,50.0,4,10,40.0,5,5,100.0,4,9,13,13,1,0,5,3,3,0,2023
22200119,2022-11-03,regular,203999,Nikola Jokic,DEN,OKC,DEN,36,15,6,9,66.7,0,0,0.0,3,3,100.0,0,13,13,14,1,0,10,3,15,1,2023
22200129,2022-11-04,regular,203507,Giannis Antetokounmpo,MIL,MIN,MIL,34,26,7,17,41.2,2,4,50.0,10,20,50.0,0,14,14,11,0,0,4,3,25,1,2023
22200164,2022-11-09,regular,201142,Kevin Durant,BKN,BKN,NYK,35,29,10,19,52.6,1,5,20.0,8,10,80.0,1,11,12,12,1,2,1,1,32,1,2023
22200230,2022-11-18,regular,1629029,Luka Doncic,DAL,DAL,DEN,35,33,11,22,50.0,2,7,28.6,9,11,81.8,1,11,12,11,1,0,2,1,25,1,2023
22200310,2022-11-29,regular,1629029,Luka Doncic,DAL,DAL,GSW,39,41,14,27,51.9,4,9,44.4,9,15,60.0,2,10,12,12,4,1,5,3,22,1,2023
22200368,2022-12-07,regular,1629630,Ja Morant,MEM,MEM,OKC,30,26,8,16,50.0,2,3,66.7,8,10,80.0,3,10,13,11,2,0,3,2,11,1,2023
22200382,2022-12-09,regular,201566,Russell Westbrook,LAL,PHI,LAL,36,12,4,14,28.6,1,5,20.0,3,4,75.0,2,9,11,11,4,0,4,4,-7,0,2023
22200393,2022-12-10,regular,203999,Nikola Jokic,DEN,DEN,UTA,35,31,11,20,55.0,1,4,25.0,8,10,80.0,3,9,12,14,1,4,3,3,10,1,2023
22200423,2022-12-14,regular,202331,Paul George,LAC,LAC,MIN,33,17,4,13,30.8,2,7,28.6,7,8,87.5,3,8,11,11,0,0,4,2,9,1,2023
22200437,2022-12-16,regular,201566,Russell Westbrook,LAL,LAL,DEN,30,15,5,13,38.5,0,3,0.0,5,8,62.5,2,9,11,12,2,0,4,2,25,1,2023
22200465,2022-12-20,regular,203999,Nikola Jokic,DEN,DEN,MEM,37,13,6,12,50.0,1,1,100.0,0,1,0.0,4,9,13,13,2,0,4,1,13,1,2023
22200476,2022-12-21,regular,1630163,LaMelo Ball,CHA,LAC,CHA,37,25,10,26,38.5,4,13,30.8,1,2,50.0,2,9,11,12,2,0,7,2,-25,0,2023
22200475,2022-12-21,regular,1627734,Domantas Sabonis,SAC,SAC,LAL,37,13,4,8,50.0,1,2,50.0,4,4,100.0,7,14,21,12,1,0,4,4,20,1,2023
22200480,2022-12-23,regular,201935,James Harden,PHI,PHI,LAC,41,20,6,17,35.3,3,6,50.0,5,6,83.3,0,11,11,21,1,0,3,2,11,1,2023
22200497,2022-12-25,regular,203999,Nikola Jokic,DEN,DEN,PHX,44,41,16,25,64.0,2,4,50.0,7,9,77.8,4,11,15,15,0,1,3,4,12,1,2023
22200505,2022-12-27,regular,201566,Russell Westbrook,LAL,ORL,LAL,29,15,6,11,54.5,1,3,33.3,2,2,100.0,0,13,13,13,0,0,4,3,18,1,2023
22200528,2022-12-29,regular,1629029,Luka Doncic,DAL,DAL,HOU,34,35,11,21,52.4,4,9,44.4,9,12,75.0,1,11,12,13,1,2,2,1,19,1,2023
22200535,2022-12-30,regular,203999,Nikola Jokic,DEN,DEN,MIA,36,19,8,15,53.3,2,3,66.7,1,1,100.0,1,11,12,12,1,1,3,3,14,1,2023
22200549,2023-01-01,regular,203999,Nikola Jokic,DEN,DEN,BOS,32,30,10,13,76.9,2,2,100.0,8,8,100.0,0,12,12,12,1,0,0,1,14,1,2023
22200596,2023-01-08,regular,201935,James Harden,PHI,DET,PHI,28,20,7,14,50.0,3,5,60.0,3,4,75.0,1,10,11,11,0,1,1,2,7,1,2023
22200609,2023-01-09,regular,203999,Nikola Jokic,DEN,DEN,LAL,35,14,5,5,100.0,1,1,100.0,3,3,100.0,2,9,11,16,1,1,4,2,10,1,2023
22200612,2023-01-10,regular,201935,James Harden,PHI,PHI,DET,26,16,6,7,85.7,2,3,66.7,2,3,66.7,1,11,12,15,2,0,3,1,35,1,2023
22200630,2023-01-12,regular,1629029,Luka Doncic,DAL,LAL,DAL,53,35,14,28,50.0,4,9,44.4,3,7,42.9,2,12,14,13,1,1,5,5,10,1,2023
22200640,2023-01-13,regular,1627734,Domantas Sabonis,SAC,SAC,HOU,37,19,6,14,42.9,0,3,0.0,7,10,70.0,5,10,15,16,2,2,2,3,26,1,2023
22200655,2023-01-15,regular,201566,Russell Westbrook,LAL,LAL,PHI,34,20,7,14,50.0,2,5,40.0,4,5,80.0,0,14,14,11,1,1,4,2,3,0,2023
22200676,2023-01-18,regular,203999,Nikola Jokic,DEN,DEN,MIN,31,31,12,20,60.0,0,0,0.0,7,7,100.0,4,7,11,13,1,0,3,5,21,1,2023
22200691,2023-01-20,regular,1627734,Domantas Sabonis,SAC,SAC,OKC,38,18,5,9,55.6,0,1,0.0,8,8,100.0,4,10,14,14,0,0,6,3,4,1,2023
22200768,2023-01-31,regular,203999,Nikola Jokic,DEN,DEN,NOP,38,26,10,14,71.4,1,3,33.3,5,5,100.0,1,17,18,15,1,1,5,2,20,1,2023
22200783,2023-02-02,regular,203999,Nikola Jokic,DEN,DEN,GSW,33,22,9,13,69.2,0,0,0.0,4,5,80.0,2,12,14,16,1,1,3,0,26,1,2023
22200797,2023-02-04,regular,203507,Giannis Antetokounmpo,MIL,MIL,MIA,36,35,13,19,68.4,0,2,0.0,9,16,56.3,1,14,15,11,1,1,3,2,19,1,2023
22200820,2023-02-07,regular,203999,Nikola Jokic,DEN,DEN,MIN,28,20,8,10,80.0,0,1,0.0,4,5,80.0,1,11,12,16,1,1,1,1,40,1,2023
22200886,2023-02-23,regular,203999,Nikola Jokic,DEN,CLE,DEN,36,24,8,13,61.5,2,2,100.0,6,6,100.0,7,11,18,13,2,0,7,3,14,1,2023
22200977,2023-03-06,regular,203081,Damian Lillard,POR,DET,POR,38,31,10,28,35.7,6,14,42.9,5,6,83.3,2,11,13,12,1,1,4,0,8,1,2023
22200976,2023-03-06,regular,1627734,Domantas Sabonis,SAC,SAC,NOP,34,19,8,13,61.5,1,1,100.0,2,3,66.7,5,6,11,11,1,1,6,5,0,1,2023
22200982,2023-03-07,regular,1630581,Josh Giddey,OKC,OKC,GSW,38,17,6,11,54.5,1,4,25.0,4,4,100.0,2,9,11,17,0,0,3,2,15,1,2023
22201002,2023-03-10,regular,203999,Nikola Jokic,DEN,SAS,DEN,39,37,14,24,58.3,4,6,66.7,5,6,83.3,3,8,11,11,3,0,5,2,-2,0,2023
22201014,2023-03-12,regular,203999,Nikola Jokic,DEN,DEN,BKN,39,35,14,23,60.9,0,1,0.0,7,10,70.0,6,14,20,11,2,2,3,2,14,0,2023
22201026,2023-03-13,regular,1627734,Domantas Sabonis,SAC,SAC,MIL,39,23,11,23,47.8,1,2,50.0,0,0,0.0,10,7,17,15,0,0,1,3,-19,0,2023
22201081,2023-03-21,regular,1627734,Domantas Sabonis,SAC,SAC,BOS,37,16,7,12,58.3,0,1,0.0,2,6,33.3,4,9,13,12,1,0,6,2,-15,0,2023
22201126,2023-03-27,regular,203999,Nikola Jokic,DEN,DEN,PHI,35,25,8,11,72.7,0,0,0.0,9,11,81.8,3,14,17,12,0,2,3,3,11,1,2023
22201136,2023-03-29,regular,203507,Giannis Antetokounmpo,MIL,IND,MIL,32,38,14,18,77.8,0,0,0.0,10,14,71.4,3,14,17,12,1,0,5,1,20,1,2023
22201185,2023-04-04,regular,1627734,Domantas Sabonis,SAC,NOP,SAC,32,16,7,12,58.3,1,2,50.0,1,2,50.0,3,9,12,11,0,0,2,3,6,1,2023
22201195,2023-04-05,regular,1627734,Domantas Sabonis,SAC,DAL,SAC,35,19,8,11,72.7,1,1,100.0,2,6,33.3,3,8,11,11,1,0,3,4,-14,0,2023
22201226,2023-04-09,regular,1630544,Tre Mann,OKC,OKC,MEM,47,24,9,16,56.3,1,4,25.0,5,5,100.0,1,11,12,12,2,0,5,2,13,1,2023
22201216,2023-04-09,regular,1630202,Payton Pritchard,BOS,BOS,ATL,46,30,10,21,47.6,9,16,56.3,1,1,100.0,1,13,14,11,0,0,7,1,11,1,2023
22201224,2023-04-09,regular,1629033,Theo Pinson,DAL,DAL,SAS,40,23,8,16,50.0,5,10,50.0,2,2,100.0,2,11,13,12,1,0,0,3,-11,0,2023
